title,name,park,location,country,state,section,coord_lat,coord_long,status,opened,closed,manufacturer,builder,designer,product,class,type,speed,height,drop,angle,g_force,inversions,length,duration,layout,lift_launch,min_height,min_height_unaccompanied,max_height,restriction,riders_hour,riders_train
10 Inversion Roller Coaster,10 Inversion Roller Coaster,[[Chimelong Paradise]],"Panyu, Guangzhou, Guangdong",China,,,23.003764,113.326432,standing but not operating,February 2006,2025,[[Intamin]],,[[Ing.-Büro Stengel GmbH]],Multi Inversion Coaster (10 Inversion Rev. A),,,80,30,,,,10,850,1:32,,[[Chain lift]] hill,140,,195,,1340,28
1066,1066,[[Festyland]],"Bretteville-Sur-Odon, Normandy, France",France,,,49.1814029,-0.4195629,operating,27 March 2005,,[[Soquet]],,,[[Train de la Mine (Soquet product)|Train de la Mine]],,,65,,17,,,0,400,1:00,,[[Chain lift]] hill,100,120,,,,12
2 Way Coaster,2 Way Coaster,[[Tokyo Dome City|Korakuen Amusement Park]],"Bunkyo, Tokyo",Japan,,,35.706556,139.752991,defunct,1968,2000,[[TOGO|Togo]],,,Sitdown,roller,,55,,,,,0,1500,,,2 [[Chain lift|Chain lift hills]],,,,,,24
3 Loops Coaster,3 Loops Coaster,[[Central Park (Uzbekistan)|Central Park]],"Tashkent, Uzbekistan",Uzbekistan,,,41.313197,69.299348,operating,2018,,[[SBF Visa Group]],,,[[Spinning Coasters (SBF Visa Group product)|Spinning Coasters]] <br> 3 Loop model A,,,30,6.55,,,,0,113,,,2 [[Friction wheel|tyre propelled lifts]],,,,,,16
4 Ring Roller Coaster (Daguan Park),4 Ring Roller Coaster,[[Daguan Park]],"Xishan, Kunming, Yunnan, China",China,,,25.024356,102.66691,operating,January 2009,,[[Hebei Zhongye Metallurgical Equipment Manufacturing]],,,4 Ring Coaster,,,,,,,,4,680,,,[[Chain lift]] hill,,,,,,
4 Ring Roller Coaster (Taolin Happy World),4 Ring Roller Coaster,[[Taolin Happy World]],"Yangquan, Shanxi, China",China,,,37.89269,113.5490,operating,2014,,[[Zhipao]],,,4 Ring Roller Coaster,,,,,,,,4,,,,[[Chain lift]] hill,,,,,,16
7 Picos,7 Picos,[[Parque de Atracciones de Madrid]],"Madrid, Community of Madrid",Spain,,,40.412781,-3.749340,defunct,15 May 1969,11 September 2005,[[Schwarzkopf]],,,[[Wildcat (product)|Wildcat]],,,60,13.5,,,,0,460,1:26,,[[Chain lift]] hill,122,,,,900,4
88 Train (Children's Grand Park),88 Train,[[Children's Grand Park]],"Neung-dong, Songdong-Gu, Seoul",South Korea,,,,,defunct,1984,2012 or earlier,[[Meisho Amusement Machines]],,,[[Loop and Spiral Coaster (Meisho product)|Loop and Spiral Coaster]],,,,,,,,3,,2:10,,[[Chain lift]] hill,,,,,,24
Abandon Mine,Abandoned Mine,[[Uncle Bernie's Amusement Park]],"Fort Laurderadale, Florida, USA",USA,Florida,,,,defunct,2002,"September 20, 2021",[[Molina & Son's]],,,,,,,,,,,0,,,,[[Chain lift]] hill,,,,,,10
Abismo,Abismo,[[Parque de Atracciones de Madrid]],"Madrid, Community of Madrid",Spain,,Zona del Maquinismo,40.4128071,-3.7493151,operating,27 June 2006,,[[Maurer Rides]],,,[[SkyLoop]] XT 450,,,105,46.2,,,4,2,450,1:00,,Vertical [[chain lift]] hill,135,,200,,550,12
Abyss (Adventure World),Abyss,[[Adventure World (Australia)|Adventure World]],"Bibra Lake, Western Australia, Australia",Australia,,,-32.095888,115.817025,operating,1 November 2013,,[[Gerstlauer]],,,[[Euro-Fighter]] Custom,,,85,30,30.5,100,4.5,3,630,2:00,,Vertical [[chain lift]] hill,125,,,,,8
Abyssus,Abyssus,[[Energylandia]],"Zator, Małopolskie, Poland",Poland,,,49.999934,19.400365,operating,14 July 2021,,[[Vekoma]],,,Shockwave 1320m,,,100,38.5,,,,4,1316,,,Two [[LSM]] launches,120,140,,,,
Accelerator (Drayton Manor Resort),Accelerator,[[Drayton Manor Resort]],"Fazeley, Staffordshire, England",UK,,,52.611069,-1.713660,operating,21 April 2011,,[[Vekoma]],,,[[Family Boomerang]] 185,,,60,20,,,,0,196,,Accelerator,[[Friction wheel|Booster wheel]] [[lift hill]],100,120,,,750,20
Achtbaan (Amusementspark Tivoli),Achtbaan,[[Amusementspark Tivoli]],"Berg en Dal, Gelderland",Netherlands,,,51.817277,5.925019,Operating,1980,,[[Zierer]],,[[Ing.-Büro Stengel GmbH]],[[Tivoli (product)|Tivoli Medium]],roller,,32,6,,,,0,199,1:36,,[[Friction wheel|Tire propelled lift]],90,120,,,"1,000",20
Achtbaan (Mini Mundi),Achtbaan,[[Mini Mundi]],"Middelburg, Zealand",Netherlands,,,51.479460,3.632482,operating,13 May 2009,,[[Zamperla]],,,[[Family Coaster (Zamperla product)|Family Coaster]],,,27,4.6,,,,0,92,,Single Helix Middle,[[Chain lift|Chain lift hill]],90,105,,,,12
Achtbaan (Mondo Verde),Achtbaan,[[Mondo Verde]],"Landgraaf, Limburg",Netherlands,,Attractieplaza,50.886456,6.030711,operating,11 April 2009,,[[Zierer]],,[[Ing.-Büro Stengel GmbH]],[[Tivoli (product)|Tivoli]] - Medium,,,32,6,,,,0,199,,,[[Friction wheel|Tyre propelled lift]],95,121,,,"1,000",24
Achterbahn (Bayern Park),Achterbahn,[[Bayern Park]],"Reisbach, Bavaria, Germany",Germany,,,,,operating,2001,,[[Zierer]],,,[[Tivoli (product)|Tivoli]] - New,,,,,,,,0,,,,[[Friction wheel|Booster wheel]] [[lift hill]],100,130,210,,,40
Achterbahn (Flippolino),Achterbahn,[[Flippolino]],"Kirchen, Rhineland-Palatinate, Germany",Germany,,,,,operating,April 2018,,[[SBF Visa Group]],,,[[Vortex Coaster]],,,,,,,,0,,,Single Helix Back,,,,,,,20
Achterbahn (Mc-Play Kinderland),Achterbahn,[[Mc-Play Kinderland]],"Freudenberg, North Rhine-Westphalia",Germany,,,50.914557,7.882559,operating,2008,,[[SBF Visa Group]],,,[[Silber Mine Coaster]] Air,,,,5,,,,0,47,,Figure-8,[[Friction wheel|Tyre propelled lift]],,,,,,16
Achterbahn (Rasti-Land),Achterbahn,[[Rasti-Land]],"Salzhemmendorf, Lower Saxony",Germany,,,52.097264,9.664049,operating,1991,,[[Vekoma]],,,[[Family Coaster (Vekoma product)|Junior Coaster]] (207m),,,34.9,8.5,,,,0,207,0:44,,[[Friction wheel|Tyre propelled lift]],,,,,780,16
Achterbahn (Schloss Dankern),Achterbahn,[[Schloss Dankern]],"Haren, Lower Saxony, Germany",Germany,,,52.795817,7.204403,operating,17 March 2018,,[[ABC Rides]],,,[[Tube Coaster]],,,50,14,,,,0,350,,,[[Chain lift]] hill,,,,,,
Achterbahn (Schwarzwald Park),Achterbahn,[[Tatzmania Löffingen|Schwarzwald Park]],"Löffingen, Baden-Württemberg, Germany",Germany,,,,,defunct,2010,''2018 or earlier'',[[Zamperla]],,,Mini Mouse,,,,,,,,0,,,,[[Friction Wheels]],,,,,,16
Achterbahn (Ticiland),Achterbahn,[[Ticiland]],"Stein am Rhein, Schaffhausen, Switzerland",Switzerland,,,,,operating,10 October 2020,,[[Zierer]],,,[[Force]] - Two,,,39,9,,,,0,222,,,[[Friction wheel|Booster wheel]] [[lift hill]],,,,,,20
Achterbahn (Tierpark Essehof),Achterbahn,[[Tierpark Essehof]],"Lehre, Lower Saxony, Germany",Germany,,,52.305797,10.665858,Operating,2014,,[[Gerstlauer]],,,[[Kiddy Racer]],,,15,1.6,,,,0,22,,Oval,[[Chain lift|Chain lift hill]],90,,120,,,1
Aconcagua,Aconcagua,[[Parque de la Ciudad]],Villa Soldati,Argentina,,,-34.674374,-58.453884,defunct,February 1983,10 November 2003,[[Schwarzkopf]],,,,roller,,93.2,36.2,30.0,,,0,751,,,,,,,,,28
Acorn Adventure,Acorn Adventure,[[Genting SkyWorlds]],"Genting Highlands, Pahang",Malaysia,,,,,operating,,,,,,,roller,,,,,,,,,,,,,,,,,
Acrobat (Nagashima Spa Land),Acrobat,[[Nagashima Spa Land]],"Nagashima, Kuwana, Mie",Japan,,,35.032292,136.730034,operating,18 July 2015,,[[Bolliger & Mabillard]],,,[[Flying Coaster (Bolliger & Mabillard product)|Flying Coaster]] (Manta),,,90,43,,,4.1,4,1021,3:00,,[[Chain lift]] hill,,,,,,32
Adrena-Line,Adrena-Line,[[Six Flags Qiddiya]],"Al Muzahimiyah, Ar Riyadh",Saudi Arabia,,,,,under construction,,,[[Vekoma]],,,[[Suspended Family Coaster (Vekoma product)|Suspended Family Coaster]],roller,,72,20,,,,,494,,,,,,,,,
Adrenaline Peak,Adrenaline Peak,[[Oaks Amusement Park]],Portland,USA,Oregon,,45.47164003,-122.6623188583,operating,"March 24, 2018",,[[Gerstlauer]],,,[[Euro-Fighter]] 320,,,45,72,70,97,,3,1050,,,Vertical [[chain lift]] hill,,,,,,8
Adventure Coaster,Adventure Coaster,[[Odakyu Mukogaoka Yuen]],"Kawasaki, Kanagawa",Japan,,,35.607808,139.572814,defunct,28 April 1985,31 March 2002,[[TOGO]],,,[[Diving Shooter (Togo product)|Diving Shooter]],,,50,16.2,,,2,0,412,3:00,,[[Chain lift|Chain lift hill]],110,,,,,6
Adventure Drive,Adventure Drive,[[Suzuka Circuit]],"Suzuka, Mie, Japan",Japan,,,34.846142,136.542072,operating,March 2014,,"[[Hoei Sangyo Co., Ltd.]]",,,,,,,,,,,0,,,,,,,,,,
Adventure Express,Adventure Express,[[Kings Island]],Mason,USA,Ohio,Adventure Port,39.344484,-84.264866,operating,"April 13, 1991",,[[Arrow Dynamics]],,,[[Runaway Train (Arrow product)|Runaway Train]],,,35,63,47,,3.8,0,2963,2:20,,2 [[Chain lift|Chain lift hills]],48,,,,"1,600",
Aerial Glide,Aerial Glide,[[Shipley Glen Pleasure Grounds]],"Shipley, West Yorkshire, England, UK",UK,,,,,defunct,1900s,2002,,,,,roller,,,,,,,,,,,,,,,,,
Aero Dips (Euclid Beach Park),Aero Dips,[[Euclid Beach Park]],Cleveland,USA,Ohio,,41.58282964657,-81.5692506019,defunct,1909,''1964-1965'',,,[[John A. Miller]],,roller,,,,,,,,,,,,,,,,,
Aérotrain,Aérotrain,[[Parc Saint Paul]],"Saint-Paul, Hauts-de-France",France,,,49.4211890,1.9837594,operating,12 April 2014,,[[Vekoma]],,,[[Family Coaster (Vekoma product)|Junior Coaster]] (custom),,,,11,,,,0,220,,,[[Friction wheel|Booster wheel]] [[lift hill]],,,,,780,20
African Big Apple,African Big Apple,[[West Midland Safari Park]],"Bewdley, Worcestshire, England",UK,,,52.377891,-2.294577,operating,1987,,[[Pinfari]],,,[[Big Apple MB28]],,,,3.5,,,,0,138,,Wacky Worm,[[Chain lift|Chain lift hill]],100,120,,,,20
African Spin,African Spin,[[Tatzmania Löffingen]],"Löffingen, Baden Wuerttemberg",Germany,,,47.9035553,8.3414954,operating,3 August 2018,,[[SBF Visa Group]],,,[[Spinning Coasters (SBF Visa Group product)|Spinning Coasters]] <br> 3 Loop model A,,,30,6.55,,,,0,113,,,2 [[Friction wheel|tyre propelled lifts]],,,,,,16
Afrika Expressen,Afrika Expressen,[[Kirkuk Amusement Park]],"Kirkuk, Kirkuk, Iraq",Iraq,,,35.408868,44.375813,Defunct,''2010 or later'',2017,[[SDC]],,,[[Galaxi (product)|Galaxi]],,,,,,,,0,,,Zyklon/Galaxi,[[Chain lift|Chain lift hill]],,,,,,4
Afterburn,Afterburn,[[Carowinds]],Charlotte,USA,North Carolina,County Fair,35.1002599,-80.940966,operating,"March 20, 1999",,[[Bolliger & Mabillard]],,,[[Inverted Coaster]],,,62,113,125,,,6,2956,2:47,,[[Chain lift]] hill,,,,,1380,32
Afterburner (Divo Ostrov),Afterburner,[[Divo Ostrov]],"Saint Petersburg, Saint Petersburg",Russia,,,,,defunct,2007,2016,[[S&S Worldwide]],,,[[Screaming Squirrel]],roller,,,46,,100,,2,,0:40,,[[Chain lift]] hill,,,,,960,4
Afterburner (Fun Spot Park),Afterburner,[[Fun Spot Park]],Angola,USA,Indiana,,41.677219,-85.030631,defunct,1991,2008,[[Arrow Dynamics|Arrow Development]],,,[[Launched Loop]],,,45,56,47,,,1,635,1:06,Shuttle Loop,[[Electric winch launch]],48,,,,,16
Aftershock (Golden Wheel Amusements),Aftershock,Alaska State Fairgrounds,Palmer,USA,Alaska,,61.578978,-149.136797,operating,"August 20, 2021",,[[Interpark]],,,[[Super Cyclon]],roller,,,32.8,,,,0,1148.3,,zyklon40,[[Chain lift]] hill,51,,76,,800,8
Aftershock (Silverwood Theme Park),Aftershock,[[Silverwood Theme Park]],Athol,USA,Idaho,,47.9045132,-116.7107071,operating,"July 21, 2008",,[[Vekoma]],,,[[Giant Inverted Boomerang]],,,65.6,191.6,177,90,4.5,3,1204,1:32,,[[Catch car lift|Catch Car Vertical Lift]],54,,80,,870,32
Air Grover,Air Grover,[[Busch Gardens Tampa]],Tampa,USA,Florida,Sesame Street Safari of Fun,28.0347296,-82.4253529,operating,"March 27, 2010",,[[Zierer]],,,[[Force]] 190,,,22,25,,,,0,628,,,[[Tire propelled lift]],38,,,,,16
Airplane Coaster,Airplane Coaster,[[Playland Park  (USA-New York-Rye)|Playland Park]],Rye,USA,New York,,,,defunct,"May 26, 1928",1957,,[[Frederick Church]],[[Harry G. Traver]],,roller,,45,92,,,,,"3,500",,,[[Chain lift]],,,,,,
Aktium,Aktium,[[Cinecittà World]],"Lazio, Rome",Italy,,,41.7131710,12.4482373,operating,24 July 2014,,[[Mack Rides]],,,[[SuperSplash (product)|SuperSplash]],,,,,,,,0,,,,2 [[chain lift]] hills,,,,,,
Ala Delta,Ala Delta,,Travelling,Spain,,,,,operating,2000,,[[Reverchon]],,,[[Gliding Coaster]],,,,,,,,0,,,,[[Chain lift]] hill,,,,,,4
Alghazal,Alghazal,[[Meryal]],"Lusail, Al Daayen, Qatar",Qatar,,,25.433045,51.531368,operating,18 June 2024,,[[Intamin]],,,,roller,,72,23,,,,0,751,,,,,,,,,
Ali Baba (Glorious Fantasyland),Ali Baba,[[Glorious Fantasyland]],"Dapitan City, Zamboanga del Norte",Philippines,,,8.6473104,123.4188109,operating,2009,,[[Pinfari]],,,[[Z47|Zyklon]] Z47,,,,,,,,0,,,,[[Chain lift]] hill,,,,,,4
Alien (Dalmaland),Alien,[[Dalmaland Fun Park]],Biograd Na Moru,Croatia,,,43.9327299,15.4794061,Operating,15 July 2017,,[[Beijing Jiuhua Amusement Rides Manufacturing]],,,[[Spinning Coaster (Beijing Jiuhua Amusement Rides Manufacturing product)|Spinning Coaster]],roller,,,,,,,0,,,,[[Chain lift]] hill,120,130,200,,,4
Alien Taxi,Alien Taxi,[[Trans Studio Cibubur]],"East Jakarta, Jakarta",Indonesia,,,,,operating,July 2019,,[[Maurer Rides|Maurer Söhne]],,,[[Xtended SC 2000]],,,60,15.5,,50,,0,424,1:26,,[[Chain lift]] hill,,,,,930,4
All American Triple Loop,All American Triple Loop,[[Indiana Beach]],Monticello,USA,Indiana,,40.791518,-86.772502,operating,"May 11, 2024",,[[Schwarzkopf]],,[[Ing.-Büro Stengel GmbH]],,,,53.4,108.3,100.9,,6.1,3,3379.3,,,2 [[Friction Wheel|Tire propelled lifts]],,,,,,20
All Speeds,All Speeds,[[Sunac Land Chengdu]],"Dujiangyan, Chengdu, Sichuan",China,,,30.955433,103.62293,operating,31 December 2021,,[[Intamin]],,,[[LSM Launch Coaster]],,,117,30,,,,0,1320,,,2 [[LSM]] launches,130,,190,,1200,16
Alpen-Coaster,Alpen-Coaster,Vorlop (Germany),Travelling,Germany,,,,,operating,2017,,[[Schwarzkopf]],,[[Ing.-Büro Stengel GmbH]],[[Wildcat (product)|Wildcat - 54m]],roller,,,13.5,,,,0,460,,,[[Chain lift|Chain lift hill]],,,,,,4
Alpen-Flug,Alpen-Flug,,Germany,Germany,,,,,defunct,1975,1975,Messerschmidt,,[[Ing.-Büro Stengel GmbH]],,,,,,,,,0,,,,,,,,,,24
AlpenFury,AlpenFury,[[Canada's Wonderland]],"Vaughan, Ontario",Canada,,,43.8427781557,-79.5432465474,operating,12 July 2025,,[[Premier Rides]],,,Sky Rocket,roller,,115,50,47,,,9,1000,1:20,,[[LSM]] launch,137.2,,205.8,,,
Alpengeist,Alpengeist,[[Busch Gardens Williamsburg]],Williamsburg,USA,Virginia,,37.232594,-76.64743,operating,"March 22, 1997",,[[Bolliger & Mabillard]],,[[Ing.-Büro Stengel GmbH]],[[Inverted Coaster]],,,67,195,170,,3.7,6,3828,3:10,Terrain,[[Chain lift]] hill,54,,,,1820,32
Alpina Bahn,Alpina Bahn,,Germany,Germany,,,,,operating,16 July 1983,,[[Schwarzkopf]],,[[Ing.-Büro Stengel GmbH]],,,,80,27,25.98,,4.8,0,910,,,[[Friction Wheels]],,,,,,20
Alpina Blitz,Alpina Blitz,[[Nigloland]],"Dolancourt, Grand Est, France",France,,,48.26164,4.61517,operating,12 April 2014,,[[Mack Rides]],,,[[Mega Coaster (Mack Rides product)|Mega Coaster]],,,83,33,,,4.3,0,719,,,[[Chain lift]] hill,,,,,,16
Alpine Bobsled,Alpine Bobsled,[[Six Flags Great Escape]],Queensbury,USA,New York,,43.350968,-73.687918,defunct,1998,"September 4, 2023",[[Intamin]],,,[[Swiss Bob]],,,35,64,,,,0,1490,1:40,,[[Chain lift]] hill,42,,,,,8
Alps (Six Gun Territory),Alps,[[Six Gun Territory (USA-Pennsylvania)|Six Gun Territory]],Willow Grove,USA,Pennsylvania,,,,defunct,1905,1975,,[[LaMarcus A. Thompson]],[[John A. Miller]],,roller,,,,,,,0,,,,,,,,,,
Altair,Altair,[[Cinecittà World]],"Rome, Lazio",Italy,,,41.7147279,12.4500126,operating,24 July 2014,,[[Intamin]],,,[[Multi Inversion Coaster]] - 10-Inversion (second generation),,,85,33,,,,10,875,,,[[Cable lift]] hill,140,,195,,"1,220",
Alucinakis,Alucinakis,[[Terra Mítica]],"Benidorm, Alicante, Valencian Community",Spain,,Grecia,38.560624,-0.161565,operating,July 2000,,[[Zamperla]],,,Hybrid Coaster,,,30,,,,,0,250,,,[[Chain lift|Chain lift hill]],110,92,,,800,32
American Eagle,American Eagle,[[Six Flags Great America]],Gurnee,USA,Illinois,County Fair,42.364491,-87.932344,operating,"May 23, 1981",,[[Intamin]],,"[[Curtis D. Summers|Curtis D. Summers, Inc]], Jim Figley, Leonard Wright",,,,66,127,147,55,,0,4650,2:23,Out and back,[[Chain lift|Chain lift hill]],48,,,,1800,30
American Thunder,American Thunder,[[Six Flags St. Louis]],Eureka,USA,Missouri,,38.5126184456,-90.6773690173,operating,"June 20, 2008",,[[Great Coasters International]],,[[Jeff Pike]],,,,48,82,80,,,0,2713,,,[[Chain lift]] hill,,,,,,24
Anaconda (Gold Reef City),Anaconda,[[Gold Reef City]],"Johannesburg, Gauteng",South Africa,,,-26.235163,28.011294,operating,1999,,[[Giovanola]],,[[Ing.-Büro Stengel GmbH]],,,,90,34,,,3.5,5,746,1:40,,[[Chain lift|Chain lift hill]],130,,,,600,20
Anaconda (Kings Dominion),Anaconda,[[Kings Dominion]],Doswell,USA,Virginia,Jungle X-Pedition,37.838292,-77.440537,defunct,"March 23, 1991","November 3, 2024",[[Arrow Dynamics]],,[[Ron Toomer]],[[Custom Looping Coaster]],,,50,128,144,,5.1,4,2700,1:50,,[[Chain lift|Chain lift hill]],48,,,,1400,28
Anaconda (Luna Park Tel Aviv),Anaconda,[[Luna Park Tel Aviv]],"Tel Aviv, Tel Aviv",Israel,,,32.1067503,34.8130486,operating,2000,,[[Vekoma]],,,[[Boomerang (Vekoma product)|Boomerang]],,,45.6,35.5,,,5.2,3,285,1:48,,,,,,,,28
Anaconda (Walygator Grand Est),Anaconda,[[Walygator Grand Est]],"Maizières-les-Metz, Grand Est",France,,,49.228217,6.159438,operating,9 May 1989,,,,[[William Cobb]],,,,90,36,31.3,,,0,1200,2:10,,[[Chain lift|Chain lift hill]],120,,,,,32
Animal Coaster,Animal Coaster,[[Jawa Timur Park 2]],"Batu, East Java, Indonesia",Indonesia,,,-7.890313,112.525733,Operating,September 2011,,[[Hopkins & Pearce]],,,,,,,,,,,0,,,,[[Chain lift|Chain lift hill]],,,,,,2
Animal Race,Animal Race,[[Fun Oasis]],"Riyadh, Ar Riyadh, Saudi Arabia",Saudi Arabia,,,,,operating,2006,,[[SBF Visa Group]],,,[[Spinning Cars Coaster]],,,,,,,,0,,,,[[Chain lift|Chain lift hill]],,,,,,20
Antares,Antares,[[Conny-Land]],"Lipperswil, Thurgau",Switzerland,,,47.6150763236,9.05652876360,operating,31 May 2025,,[[Ride Engineers Switzerland]],,,[[Roller Ball (product)|Roller Ball M]],roller,,,,,,,,,,,Vertical [[Electric lift|electric lift]] hill,,,,,,
Antelope,Antelope,[[Gulliver's World]],"Warrington, Cheshire, England, United Kingdom",UK,England,Smuggler's Wharf,53.407237,-2.618394,operating,1995,,[[Gulliver's Theme Parks and Resorts|Gullivers]],,[[Allott and Lomax]],,,,,,,,,0,,1:50,Figure-8,[[Chain lift|Chain lift hill]],110,140,,,,16
Anubis The Ride,Anubis The Ride,[[Plopsaland Belgium]],"Adinkerke-De Panne, West Flanders, Flemish Region, Belgium",Belgium,,,51.0818779,2.5979125,operating,5 April 2009,,[[Gerstlauer]],,[[Ing.-Büro Stengel GmbH]],[[Launch Coaster (Gerstlauer product)|Launch Coaster]] 600,,,90,34,,,,3,600,,,[[LSM]] launch (rolling),,,,,700,6
Apocalypse (Lunapark),Apocalypse,[[Lunapark (France)|Lunapark]],"Agde, Occitanie",France,,,43.279453,3.504317,operating,22 June 2012,,[[Vekoma]],,,[[Corkscrew with Bayerncurve]],,,64.4,22.9,20.7,,,2,731,,,[[Chain lift|Chain lift hill]],,,,,,24
Apocalypse (Six Flags Magic Mountain),Apocalypse,[[Six Flags Magic Mountain]],Valencia,USA,California,The Underground,34.4211297,-118.6001580,operating,"May 23, 2009",,[[Great Coasters International]],,,,,,50.1,95,87.3,,,0,2877,3:00,,[[Chain lift]] hill,48,,,,1000,22
Apollo Steamrocket,Apollo Steamrocket,[[Kingoland]],"Plumelin, Brittany, France",France,,,47.890833,-2.892819,Operating,19 April 2014,,[[Pinfari]],,,[[Zyklon (model)|Zyklon]] - [[Z64]],roller,,,,,,,0,,,zyklon/galaxi,[[Chain lift|Chain lift hill]],110,130,,,,4
Apollo's Chariot,Apollo's Chariot,[[Busch Gardens Williamsburg]],Williamsburg,USA,Virginia,,37.2352876,-76.6423510,operating,"March 27, 1999",,[[Bolliger & Mabillard]],,[[Ing.-Büro Stengel GmbH]],[[Hyper Coaster (Bolliger & Mabillard product)|Hyper Coaster]],,,73,170,210,65,4.1,0,4882,2:15,,[[Chain lift]] hill,52,,,,1750,36
Äppelmasken,Äppelmasken,[[Ölands Djur & Nöjespark]],"Färjestaden, Kalmar, Sweden",Sweden,,,56.670382,16.489804,Operating,2000,,[[Pinfari]],,,[[Big Apple MB28]],,,,,,,,0,,,Wacky Worm,[[chain lift|Chain lift hill]],,,,,,24
Apple (Henry Evans),Apple,Henry Evans (UK),Travelling,UK,,,,,operating,,,,,,,,,,,,,,0,,,Wacky Worm,[[Chain lift]] hill,,,,,,
Apple Coaster (Codona's Amusement Park),Apple Coaster,[[Codona's Amusement Park]],"Aberdeen, Scotland",UK,,,57.150814,-2.078662,operating,2003 (or earlier),,[[Pinfari]],,,,,,,,,,,0,,2:50,Wacky Worm,[[Chain lift]] hill,,,,,,24
Apple Coaster (Dale Hibbitt),Apple Coaster,Dale Hibbitt (UK),Travelling,UK,,,,,operating,,,,,,,,,,,,,,0,,,Wacky Worm,[[Chain lift]] hill,,,,,,
Apple Coaster (Mellors Group),Apple Coaster,[[Mellors Group]],Travelling,UK,,,,,operating,2019,,[[Güven Lunapark]],,,[[Brucomela (Güven Amusement Rides Factory model)|Brucomela]],roller,,,,,,,0,,,Wacky Worm,[[Chain lift]] hill,,,,,,24
Apple Coaster (Thomas Jones),Apple Coaster,Thomas Jones (UK),Travelling,UK,,,,,operating,,,,,,,,,,,,,,0,,,Wacky Worm,[[Chain lift]] hill,,,,,,24
Apple Worm Train (Delphin Be Grand Resort),Apple Worm Train,[[Delphin Be Grand Resort]],"Muratpaşa, Antalya",Turkey,,Delphin Funfair,36.85602342227323,30.864172705326173,operating,2016,,,,,,,,,,,,,0,,,Oval,[[friction wheel|Tire propelled lift]],,,,,,
Apple Zapple,Apple Zapple,[[Kings Dominion]],Doswell,USA,Virginia,Candy Apple Grove,37.836644,-77.445214,operating,"March 23, 2002",,[[Mack Rides]],,,[[Wilde Maus (Mack Rides product)|Wilde Maus]] (Large Park),,,35,51.8,49.8,,,0,1312.3,,,[[Chain lift|Chain lift hill]],44,54,,,960,4
Aqua Wind,Aqua Wind,[[Lagunasia]],"Gamagori, Aichi, Japan",Japan,,,34.808961,137.269187,operating,24 April 2004,,[[Gerstlauer]],,[[Ing.-Büro Stengel GmbH]],[[Bobsled Coaster (Gerstlauer product)|Bobsled Coaster]] 380,,,,,,,,0,,,,[[Chain lift]] hill,,,,,,4
Aquaman: Power Wave,Aquaman: Power Wave,[[Six Flags Over Texas]],Arlington,USA,Texas,,32.75657908,-97.06902891,operating,"March 11, 2023",,[[Mack Rides]],,,[[PowerSplash]] 217m,,,62.1,146.3,,90,,0,708.7,,U-Shuttle,[[LSM]] launch (multi-pass),,,,,,
Aquila (Mandoria),Aquila,[[Mandoria]],"Rzgów, Łódzkie",Poland,,,,,operating,19 January 2025,,[[Vekoma]],,[[Camiel Bilsen]],[[Family Launch Coaster (Vekoma product)|Family Launch Coaster]],,,70,16,,,,0,445,,,[[LIM|LIM Launch]],95,120,,,,20
Arashi,Arashi,[[Nagashima Spa Land]],"Nagashima, Kuwana, Mie",Japan,,,35.031862,136.732566,operating,10 March 2017,,[[S&S Worldwide]],,[[Ride Centerline]],[[4D Free Spin]] 110,,,61.2,36.6,16.5,,,,310.6,,,Vertical [[chain lift]] hill,,,,,,8
Arctic Blast (Rainier Amusements),Arctic Blast,Rainier Amusements,Travelling,USA,,,,,operating,,,[[Pinfari]],,,[[Z47]],roller,,,,,,,0,,,,[[Chain lift]] hill,,,,,,4
Arctic Rescue,Arctic Rescue,[[SeaWorld San Diego]],San Diego,USA,California,,32.765139,-117.222444,operating,"June 2, 2023",,[[Intamin]],,,[[Family Launch Coaster (Intamin product)|Family Launch Coaster]] Custom,roller,,40,,,,,0,2800,,,Three [[Tire Propelled Launch|Tire Propelled Launches]],48,,,,,16
ArieForce One,ArieForce One,[[Fun Spot America Atlanta]],Fayetteville,USA,Georgia,,33.497502,-84.428484,operating,"March 31, 2023",,[[Rocky Mountain Construction]],,[[Joe Draves]],[[I-Box Track]],,,64,155,146,83,3.75,4,3400,1:40,,[[Chain lift]] hill,,,,,,20
Arkansas Twister,Arkansas Twister,[[Magic Springs]],Hot Springs,USA,Arkansas,,34.521547,-93.015068,standing but not operating,"May 30, 1992","October 27, 2024",[[Marvin M. Black Co.]],,[[Don Rosser]],,,,50,95,92,,,0,3340,,out and back,[[Chain lift]] hill,48,,,,,24
Arkham Asylum - Shock Therapy,Arkham Asylum - Shock Therapy,[[Warner Bros. Movie World]],"Gold Coast, Queensland",Australia,,,-27.908356,153.312060,defunct,26 December 1995,December 2019,[[Vekoma]],,,[[Suspended Looping Coaster|SLC (765m Extended w/Helix)]],,,80,33.3,,,4,5,765,1:40,,[[Chain lift|Chain lift hill]],140,,200,,1010,20
Armada Invencible,Armada Invencible,[[Formosan Aboriginal Culture Village]],"Yuchr Shiang, Nantou County",Taiwan,,,23.8666836,120.9476860,operating,2008,,[[Mack Rides]],,,[[SuperSplash (product)|SuperSplash]],,,,,,,,0,,,,[[Chain lift]] hill,,,,,,
Ashara: Goddess of Fire,Ashara: Goddess of Fire,[[BON Luxury Theme Park]],"Las Jarretaderas, Nayarit",Mexico,,,20.6933334,-105.2706095,under construction,,,[[Vekoma]],,,[[Switchback Coaster (Vekoma product)|Switchback Coaster Custom]],,,,,,,,0,,,,,,,,,,
Aska,Aska,[[Nara Dreamland]],"Nara, Nara",Japan,,Tomorowland,34.701267,135.823775,Defunct,1998,31 August 2006,[[Intamin]],,,[[Wooden Coaster (Intamin Product)|Wooden Coaster]],,,80,30,,50,2.8,0,1081.4,1:45,Cyclone,[[Chain lift|Chain lift hill]],110,,,,,28
Astro Comet (Maviland),Astro Comet,[[Maviland]],"Samara, Samara, Russia",Russia,,,53.205780,50.219557,standing but not operating,2001 - 2002,2019,[[TOGO]],,,,roller,,,,,,,1,,,,,,,,,,
Astro Express,Astro Express,[[Fun City (India-Mumbai)|Fun City]],"Mumbai, Maharashtra, India",India,,,,,operating,2011,,[[I.E. Park]],,,Loop Coaster 302,,,64.8,9.6,,,3.5,1,302,,,[[Friction wheel|Booster wheel]] [[lift hill]],120,,,,,
Astro Storm,Astro Storm,[[Brean Theme Park]],"Brean, Somerset, England",UK,,,51.285991,-3.008299,operating,23 July 2011,,[[Zierer]],,[[Ing.-Büro Stengel GmbH]],Four Man Bob,,,,,,,,0,,1:30,,[[Friction wheel|Tire propelled lift]] <br> [[Chain lift|Chain lift hill]],122,,,,,3
Astropax 18,Astropax 18,[[VVC Wheel Park]],"Moscow City, Russia",Russia,,,55.828216,37.639805,Defunct,1995,2009,[[Pax Company]],,,Astropax 18,,,,,,,,1,,,,[[chain lift|Chain lift hill]],,,,,,18
Atlantica SuperSplash,Atlantica SuperSplash,[[Europa-Park]],"Rust, Baden Wuerttember",Germany,,Portugal,48.2616427,7.7210940,operating,19 March 2005,,[[Mack Rides]],,,[[SuperSplash (product)|SuperSplash]] (Atlantica),,,80,30,,,4,0,390,3:35,,[[Chain lift]] hill,100,130,,,1400,16
Atlantis Adventure,Atlantis Adventure,[[Lotte World]],"Jamsil-Dong, Songpa-Gu, Seoul, South Korea",South Korea,,,37.508469,127.099498,operating,26 October 2003,,[[Intamin]],,,[[Aqua Trax]],,,75,22,,72,,0,670,1:45,,[[LSM]] launch and [[LSM]] [[lift hill]],135,,190,,,8
Atomic,Atomic,[[Greenland (Japan)|Greenland]],"Arao, Kumamoto",Japan,,North Gate,32.989859,130.464527,defunct,27 February 1980,2009,[[Senyo Kogyo]],[[Meisho Amusement Machines]],,[[Atomic Coaster (Senyo Kogyo Product)|Atomic Coaster]] B2,,,80,38,,,,1,265,2:40,Shuttle Loop,[[Chain lift|Chain lift hill]],,,,,,24
Atomic Coaster (Beijing Shijingshan Amusement Park),Atomic Coaster,[[Beijing Shijingshan Amusement Park]],"Shijingshan, Beijing",China,,,39.913075,116.201658,defunct,1986,2018,[[Senyo Kogyo]],,,,,,,,,,,3,,,,[[Chain lift]] hill,,,,,,24
Atomic Coaster (Japan Monkey Park),Atomic Coaster,[[Japan Monkey Park]],"Inuyama, Aichi",Japan,,,35.391780,136.954275,Defunct,8 March 1980,2006,[[Senyo Kogyo]],,,[[Atomic Coaster (Senyo Kogyo Product)|Atomic Coaster]] B2,,,80,38,,,,1,265,2:40,Shuttle Loop,[[Chain lift|Chain lift hill]],120,,,,,24
Aurora,Aurora,[[Hossoland]],"Brojce, Zachodniopomorskie",Poland,,,,,operating,27 June 2025,,[[Vekoma]],,,[[Suspended Family Coaster (Vekoma product)|Suspended Family Coaster]] (395m),roller,,,,,,,,,,,,,,,,,
Aurora Flying Coaster,Aurora Flying Coaster,[[Silk Road Paradise]],"Qindu, Xianyang, Shaanxi",China,,,34.266183,108.693798,operating,2023,,[[Jinma Rides]],,,,,,94,43,,,,3,910,,,[[Chain lift]] hill,,,,,,28
Avalancha,Avalancha,[[Xetulul]],"Retalhuleu, Guatemala",Guatemala,,,14.5950118,-91.6110675,operating,June 2002,,[[Intamin]],,[[Ing.-Büro Stengel GmbH]],8 Inversion Roller Coaster,,,88,,,,,8,,,,[[Chain lift]] hill,,,,,,28
Avalanche (Amusements of America),Avalanche,Amusements of America (USA),Travelling,USA,,,,,unknown,1999,2009,[[Pinfari]],,,[[Zyklon|Z47]],,,,,,,,0,,,,[[Chain lift]] hill,,,,,,4
Avalanche (Pleasure Beach Resort),Avalanche,[[Pleasure Beach Resort]],"Blackpool, Lancashire, England",UK,,,53.790197,-3.055452,operating,22 June 1988,,[[Mack Rides]],,,[[Bobsled Coaster (Mack Rides product)|Bobsled Coaster]],,,72.4,18,,,,0,445,1:22,,[[Chain lift|Chain lift hill]],112,132,,,420,14
Avalanche (Timber Falls Adventure Park),Avalanche,[[Timber Falls Adventure Park]],Wisconsin Dells,USA,Wisconsin,,43.628517,-89.783408,defunct,July 2004,2017,[[S&S Worldwide|S&S Arrow]],,,,,,47,88.5,,61,,0,2378,,,[[Chain lift]] hill,,,,,,
Avatar Airbender (Nickelodeon Universe Mall of America),Avatar Airbender,[[Nickelodeon Universe Mall of America]],Bloomington,USA,Minnesota,,,,operating,"March 15, 2008",,[[Intamin]],,[[Ing.-Büro Stengel GmbH]],[[Half Pipe (model)|Surfrider]] (20m),,,,70,,,,0,,,U-Shuttle,[[LSM]] Launch,48,,,,,12
Avengers Assemble: Flight Force,Avengers Assemble: Flight Force,[[Walt Disney Studios Park]],"Marne la Vallée, Île-de-France",France,,,48.8650736309,2.779736226638,Operating,16 March 2002,,[[Vekoma]],,[[Peter Clerx]],LSM Coaster (Disney),,,91.7,24.4,,,5,3,996,1:10,,[[LSM]] launch,120,,,,1800,24
Avix,Avix,[[Parque del Café]],"Montenegro, Quindio",Colombia,,,4.535972,-75.771555,operating,17 December 2024,,[[Gerstlauer]],,,[[Infinity Inverted Coaster]],roller,,72,,,,3.5,,355,,,[[Chain lift]],,,,,,12
Ba-a-a Express,Ba-a-a Express,[[Europa-Park]],"Rust, Baden Wuerttemberg, Germany",Germany,,Ireland – Children's World,,,operating,13 July 2016,,[[ART Engineering GmbH]],,[[Mack Rides]],[[Kiddie Coaster (ART Engineering product)|Kiddie Coaster]],,,20,3,,,1.5,0,80,1:30,Oval,[[Friction wheel|Booster wheel]] [[lift hill]],90,120,,,400,10
Baby Wildcat,Baby Wildcat,[[Idora Park]],Youngstown,USA,Ohio,,,,defunct,''Unknown'',1984,,,,,,,,,,,,0,,,,[[Chain lift|Chain lift hill]],,,,,,12
Babylon,Babylon,[[Hapylon]],"Moscow, Moscow",Russia,,,,,defunct,13 March 2010,1 March 2017,[[Vekoma]],,,[[Family Coaster (Vekoma product)|Junior Coaster]] (Custom),,,,,,,,0,250,,,[[Friction Wheels]],,,,,,
Backlot Stunt Coaster (Canada's Wonderland),Backlot Stunt Coaster,[[Canada's Wonderland]],"Vaughan, Ontario",Canada,,Action Zone,43.838717,-79.541159,operating,1 May 2005,,[[Premier Rides]],,[[Ing.-Büro Stengel GmbH]],,,,64.4,13.8,9.5,,,0,597.4,1:04,,3 [[LIM]] launches,122,,,,,12
Backlot Stunt Coaster (Kings Dominion),Backlot Stunt Coaster,[[Kings Dominion]],Doswell,USA,Virginia,,37.8384952,-77.442065,operating,"May 27, 2006",,[[Premier Rides]],,[[Ing.-Büro Stengel GmbH]],,,,40,45.2,31.2,,,0,1960,1:04,,3 [[LIM]] launches,48,,,,,12
Backyardigans Mission To Mars,The Backyardigans: Mission To Mars,[[Movie Park Germany]],"Bottrop, North Rhine-Westphalia",Germany,,Nickland,51.619661,6.975985,operating,1996,,[[Vekoma]],,,[[Family Coaster (Vekoma product)|Junior Coaster]] (207m),,,34.9,8.5,,,,0,207,,,[[Friction wheel|Tyre propelled lift]],90,135,,,780,16
Balagos - Flying Flame,Balagos - Flying Flame,[[Avonturenpark Hellendoorn]],"Hellendoorn, Overijssel",Netherlands,,,52.389386,6.437536,operating,1990,,[[Vekoma]],,,MK-1200 Tornado,,,60,25,,,,2,460,1:08,,[[Chain lift|Chain lift hill]],,,,,"1,000",28
Balder,Balder,[[Liseberg]],"Gothenburg, Västra Götaland",Sweden,,,57.6933687,11.9963800,operating,12 April 2003,,[[Intamin]],Ingenieur-Holzbau Cordes,Ing.-Büro Stengel GmbH,[[Wooden Coaster (Prefabricated Track)]],,,90,36,30,70,,0,1070,2:08,,[[Chain lift]] hill,130,,,,1149,30
Bandido,,,,,,,,,,,,,,,,,,,,,,,,,,,,,,,,,
Bandidos,Bandidos,[[Mer de Sable]],"Ermenonville, Hauts-de-France",France,,,49.1454049,2.6773351,operating,23 July 2016,,[[SBF Visa Group]],,,[[Spinning Coasters (SBF Visa Group product)|Spinning Coasters]] <br> 3 Loop model A,,,30,6.55,,,,0,113,,,2 [[Friction wheel|tyre propelled lifts]],,,,,,16
Bandit (Movie Park Germany),Bandit,[[Movie Park Germany]],"Bottrop, North Rhine-Westphalia",Germany,,The Old West,51.624418,6.974569,operating,7 May 1999,,[[Roller Coaster Corporation of America]],,[[Ing.-Büro Stengel GmbH]],,,,80,27.8,24.9,,,0,1099,1:30,Cyclone,[[Chain lift|Chain lift hill]],120,,,,,
Bandit (Yomiuriland),Bandit,[[Yomiuriland]],"Inagi, Tokyo",Japan,,Bandit Area,35.625545,139.518133,operating,25 March 1988,,[[TOGO]],,,[[Super Roller Coaster (Togo product)|Super Roller Coaster]],,,110,51,,45,,0,1560,2:18,,[[Chain lift|Chain lift hill]],120,,,,1260,28
Bandit Bomber,Bandit Bomber,[[Yas Waterworld]],"Abu Dhabi, Abu Dhabi",UAE,,,24.4868886,54.5996918,operating,20 January 2013,,[[Vekoma]],,,[[Suspended Water Coaster|Splash Party]],,,50,23,,,,0,515,,,2 [[Chain lift]] hills,100,,205,,700,
Banshee,Banshee,[[Kings Island]],Mason,USA,Ohio,Action Zone,39.345661506,-84.2654775308,operating,"April 18, 2014",,[[Bolliger & Mabillard]],,,Custom [[Inverted Coaster]],,,68,167,150,,,7,4124,2:40,,[[Chain lift]] hill,52,,78,,"1,650",32
Banzai (Bonneau),Banzai,Bonneau (France),Travelling,France,,,,,operating,,,[[Troisne]],,,,,,,35,,,,0,,,,Catch car lift,,,,,,20
Barnstormer (Adventure Island),Barnstormer,[[Adventure Island (UK)|Adventure Island]],"Southend On Sea, Essex, England, UK",UK,,,51.532536,0.715078,operating,2000,,[[Zierer]],,[[Werner Stengel|Ing.-Büro Stengel GmbH]],Custom [[Tivoli (product)|Tivoli]],,,39,9,,,,0,222,,,[[Friction wheel|Tire propelled lift]],100,120,,,850,20
Barnstormer (Magic Kingdom),The Barnstormer,[[Magic Kingdom]],Lake Buena Vista,USA,Florida,Fantasyland,28.420640,-81.578328,operating,"October 1, 1996",,[[Vekoma]],,,[[Family Coaster (Vekoma product)|Junior Coaster]] (custom),,,25,30,20,,,0,679,1:00,,[[Chain lift]] hill,35,,,,,16
Barnyard Dance,Barnyard Dance,[[Bengtson's Pumpkin Farm]],Homer Glen,USA,Illinois,,41.6125176,-87.9430726,operating,"September 22, 2017",,[[SBF Visa Group]],,,[[Spinning Coasters (SBF Visa Group product)|Spinning Coasters]] <br> 2 Loop model A,,,,18,,,,0,190,,Figure-8,[[friction wheel|Tire propelled lift]],,,,,,16
Baron 1898,Baron 1898,[[Efteling]],"Kaatsheuvel, North Brabant",Netherlands,,Ruigrijk,51.648300,5.050995,operating,1 July 2015,,[[Bolliger & Mabillard]],,,[[Dive Coaster]],,,90,30,37.5,87,3,2,501,2:10,,[[Chain lift]] hill,132,,,,1000,18
Barracuda (Jolly Roger Amusement Park),Barracuda,[[Jolly Roger Amusement Park]],Ocean City,USA,Maryland,,,,operating,"June 4, 2019",,[[Zierer]],,,[[Flitzer (model)|Flitzer]],,,,,,,,0,,,,[[Chain lift]] hill,,,,,,2
Barracuda Strike,Barracuda Strike,[[SeaWorld San Antonio]],San Antonio,USA,Texas,,,,under construction,,,[[Bolliger & Mabillard]],,,[[Family Coaster (Bolliger & Mabillard product)|Family Coaster]],roller,,44,,,,,,,,,,42,,,,,
Barreling Rapids,Barreling Rapids,[[Austin's Park]],"Pflugerville, Texas, USA",USA,Texas,,,,operating,"April 16, 2021",,[[SBF Visa Group]],,,[[Spinning Coasters (SBF Visa Group product)|Spinning Coasters]] <br> 5.0,,,20.1,27.5,,,,0,393.7,,,,,,,,560,16
Barrels of Fun (Tweetsie Railroad),Barrels of Fun,[[Tweetsie Railroad]],Bowling Rock,USA,North Carolina,,36.172118,-81.648998,operating,"April 8, 2023",,[[SBF Visa Group]],,,[[Spinning Coasters (SBF Visa Group product)|Spinning Coasters]] <br> 2 Loop model B,,,,18,,,,0,190,,Figure-8,[[friction wheel|Tire propelled lift]],,,,,,16
Bat (Canada's Wonderland),Bat,[[Canada's Wonderland]],"Vaughan, Ontario",Canada,,Medieval Faire,43.843605,-79.543270,operating,1987,,[[Vekoma]],,,[[Boomerang (Vekoma product)|Boomerang]],,,75.6,35.5,,,5.2,3,285,1:48,Boomerang,[[Catch car lift|Catch car lift hill]] <br> [[chain lift|Chain lift hill]],122,,,,760,28
Bat (Kings Island 1981),Bat,[[Kings Island]],Mason,USA,Ohio,Coney Island,39.340744,-84.264217,defunct,"April 26, 1981",August 1983,[[Arrow Dynamics|Arrow Development]],,,[[Suspended Coaster (Arrow Dynamics product)|Suspended Coaster]],,,34,100,,,,0,2456,2:00,,2 [[chain lift]] hills,,,,,,28
Bat (Kings Island 1993),The Bat,[[Kings Island]],Mason,USA,Ohio,Action Zone,39.347630,-84.265222,operating,"April 9, 1993",,[[Arrow Dynamics]],,[[Ron Toomer]],[[Suspended Coaster (Arrow Dynamics product)|Suspended Coaster]],,,51,78,70,45,2.9,0,2352,1:52,,[[Chain lift|Chain lift hill]],42,,,,1200,28
Bat (Lagoon),Bat,[[Lagoon]],Farmington,USA,Utah,,40.9864316,-111.8925755,operating,"April 16, 2005",,[[Vekoma]],,,[[Suspended Family Coaster (Vekoma product)|Suspended Family Coaster]] (342m),,,26,49,,,2.2,0,1122,1:30,,[[Friction wheel|Booster wheel]] [[lift hill]],44,,,,650,20
Bat Coaster,Bat Coaster,Freij Entertainment (UAE),Travelling,UAE,,,,,operating,2009,,[[Pinfari]],,,[[Xpress (product)|Xpress XP56]],,,,,,,,2,,,,[[Chain lift]] hill,,,,,,10
Bat Glider (Trans Studio Action Zone),Bat Glider,[[Trans Studio Action Zone]],"East Jakarta, Jakarta",Indonesia,,Beach Walk,,,Operating,July 2019,,[[Caripro]],,,[[Batflyer (Caripro product)|Batflyer]],,,,14,,,,0,278,,,[[Elevator lift]],,,,,,
Bat Glider (Trans Studio Bali),Bat Glider,[[Trans Studio Bali]],"Denpasar, Bali, Indonesia",Indonesia,,Action!,-8.701916,115.183592,operating,12 December 2019,,[[Caripro]],,,Batflyer,,,,,,,,0,,,Figure-8,[[Elevator lift]],,,,,,1 Adult
Batflyer (Duinrell),Batflyer,[[Duinrell]],"Wassenaar, Zuid-Holland, Netherlands",Netherlands,,,52.145391,4.380087,defunct,,,[[Caripro]],,,[[Batflyer (model)|Batflyer]],,,,,,,,0,,,,,,,,,,2
Batflyer (Nasu Highland Park),Batflyer,[[Nasu Highland Park]],"Nasu, Nasu, Tochigi",Japan,,,37.0622746,139.9630281,operating,2001,,[[Caripro]],,,,,,36,,,,,0,147,0:41,,[[Elevator lift]],,,,,,1
Batflyer (World in Miniature),Batflyer,[[World in Miniature]],"Truro, Cornwall, England",UK,,,,,Defunct,2003,''2006 of earlier'',,,,,,,,,,,,0,,,,[[Elevator lift]],,,,,,2
Batgirl Batarang,Batgirl Batarang,[[Six Flags Mexico]],Mexico City,Mexico,,,19.2934072,-99.2076551,operating,1988,,[[Vekoma]],,,[[Boomerang (Vekoma product)|Boomerang]],,,75.6,35.5,,,5.2,3,285,1:48,,[[Catch car lift]] <br> [[Chain lift]] hill,,,,,760,28
Batgirl Coaster Chase,Batgirl Coaster Chase,[[Six Flags Fiesta Texas]],San Antonio,USA,Texas,DC Universe,29.596537,-98.609975,operating,"March 14, 1992",,[[Vekoma]],,,[[Family Coaster (Vekoma product)|Junior Coaster]] 85,,,,,,,,0,278.8,,Oval,[[Friction wheel|Tire propelled lift]],36,,,,670,10
Batman,,,,,,,,,,,,,,,,,,,,,,,,,,,,,,,,,
Batman - The Dark Knight,Batman – The Dark Knight,[[Six Flags New England]],Agawam,USA,Massachusetts,,42.0350597,-72.6128775,operating,"April 20, 2002",,[[Bolliger & Mabillard]],,,[[Floorless Coaster]],,,55,117.8,110,,,5,2600,2:20,,[[Chain lift]] hill,,,,,,28
Batman Gotham City Escape,Batman Gotham City Escape,[[Parque Warner Madrid]],"San Martín de la Vega, Community of Madrid",Spain,,,40.2286384,-3.5933967,operating,13 May 2023,,[[Intamin]],,,[[LSM Launch Coaster]] (Custom),,,104,45,,,,4,1010,1:51,,[[LSM]] launch (rolling) and [[LSM]] boost,,,,,,
Batman The Escape,Batman The Escape,[[Six Flags AstroWorld]],Houston,USA,Texas,European Village,29.673471,-95.409354,defunct,"April 24, 1993","October 30, 2005",[[Intamin]],[[Giovanola]],,Stand-Up Coaster,,,55,90,85,,3.4,1,2300,,,[[Chain lift|Chain lift hill]],54,,,,,20
Batman The Ride (Six Flags Discovery Kingdom),Batman The Ride,[[Six Flags Discovery Kingdom]],Vallejo,USA,California,,38.1376606,-122.23098365,operating,"May 25, 2019",,[[S&S Worldwide]],,,[[4D Free Spin]],,,38,120,54,,,0,1019,,,Vertical [[chain lift]] hill,48,,77,,720,8
Batman The Ride (Six Flags Fiesta Texas),Batman The Ride,[[Six Flags Fiesta Texas]],San Antonio,USA,Texas,,29.5968131,-98.6093273,operating,"May 23, 2015",,[[S&S Worldwide]],,[[Alan Schilke]],[[4D Free Spin]],,,38,120,54,,,,1019,,,Vertical [[chain lift]] hill,48,,77,,720,16
Batman The Ride (Six Flags Great Adventure),Batman The Ride,[[Six Flags Great Adventure]],Jackson,USA,New Jersey,Movietown,40.135755,-74.443928,operating,"May 1, 1993",,[[Bolliger & Mabillard]],,[[Ing.-Büro Stengel GmbH]],[[Inverted Coaster]] (Batman),,,50,105,80,59,4.9,5,2693,1:40,,[[Chain lift|Chain lift hill]],54,,,,1280,32
Batman The Ride (Six Flags Great America),Batman The Ride,[[Six Flags Great America]],Gurnee,USA,Illinois,DC Universe,42.368467,-87.933749,operating,"May 9, 1992",,[[Bolliger & Mabillard]],,[[Ing.-Büro Stengel GmbH]],[[Inverted Coaster]] (Batman),,,50,100,84.5,,4,5,2700,2:00,,[[Chain lift|Chain lift hill]],54,,,,,32
Batman The Ride (Six Flags Magic Mountain),Batman The Ride,[[Six Flags Magic Mountain]],Valencia,USA,California,DC Universe,34.425775,-118.600895,operating,"March 26, 1994",,[[Bolliger & Mabillard]],,[[Ing.-Büro Stengel GmbH]],[[Inverted Coaster]] (Batman),,,50,105,84.5,59,4,5,2700,2:00,,[[Chain lift|Chain lift hill]],54,,,,1400,32
Batman The Ride (Six Flags Mexico),Batman The Ride,[[Six Flags Mexico]],Mexico City,Mexico,,Villa Hollywood,19.2952783,-99.2065681,operating,14 April 2000,,[[Vekoma]],,,[[Suspended Looping Coaster|SLC (689m Standard)]],,,80,33.3,,,,5,689,1:36,,[[Chain lift]] hill,,,,,"1,040",20
Batman The Ride (Six Flags Over Georgia),Batman The Ride,[[Six Flags Over Georgia]],Austell,USA,Georgia,,33.769687,-84.546227,operating,"May 3, 1997",,[[Bolliger & Mabillard]],,[[Ing.-Büro Stengel GmbH]],[[Inverted Coaster]] (Batman),,,50,105,84.5,,4,5,2700,2:00,,[[Chain lift]] hill,,,,,1400,32
Batman The Ride (Six Flags Over Texas),Batman The Ride,[[Six Flags Over Texas]],Arlington,USA,Texas,,32.75836671,-97.06665078,operating,"May 26, 1999",,[[Bolliger & Mabillard]],,[[Ing.-Büro Stengel GmbH]],[[Inverted Coaster]] (Batman),,,50,105,84.5,,4,5,2700,2:00,,[[Chain lift]] hill,54,,,,1400,32
Batman The Ride (Six Flags St. Louis),Batman The Ride,[[Six Flags St. Louis]],Eureka,USA,Missouri,Studio Backlot,38.513394,-90.673319,operating,"April 22, 1995",,[[Bolliger & Mabillard]],,[[Ing.-Büro Stengel GmbH]],[[Inverted Coaster]] (Batman),,,50,105,85,,4,5,2693,2:00,,[[Chain lift|Chain lift hill]],54,,,,,32
Battle of Blue Fire,Battle of Blue Fire,[[Quancheng Euro Park]],"Qihe, Dezhou, Shandong",China,,,36.749910,116.834833,operating,27 April 2014,,[[Mack Rides]],,,[[Launch Coaster (Mack Rides product)|Launch Coaster]] (Blue Fire),,,100,38,,,3.8,4,1056,2:30,,[[LSM]] launch,,,,,1450,20
Batwing (Six Flags America),Batwing,[[Six Flags America]],Upper Marlboro,USA,Maryland,Gotham City,38.910083,-76.778226,standing but not operating,"June 16, 2001","July 7, 2025",[[Vekoma]],,,[[Flying Dutchman (Vekoma product)|Flying Dutchman (1018m)]],,,50,115,103,,4.3,5,3340,2:20,,[[Chain lift|Chain lift hill]],54,,78,,1430,24
Bavarian Beetle,Bavarian Beetle,[[Kings Island]],Mason,USA,Ohio,Oktoberfest,39.34464435,-84.2669743,defunct,"April 29, 1972",1978,[[SDC]],,,[[Galaxi (model)|Galaxi]],,,,45,,,,0,800,,zyklon/galaxi,[[Chain lift]] hill,,,,,,8
Bayou Express,Bayou Express,[[Le Fleury]],"Wavrechain-sous-Faulx, Hauts-de-France, France",France,,,50.274851,3.291783,Operating,August 2020,,[[Zierer]],,[[Ing.-Büro Stengel GmbH]],[[Tivoli (product)|Tivoli]] - Small (variant),,,26,3.3,,,,0,60.2,,Oval,[[Friction wheel|Tyre propelled lift]],90,120,,,600,12
Beach Coaster,Beach Coaster,[[Ocean View Pavilion]],"Jacksonville Beach, Florida, USA",USA,Florida,,,,defunct,1928,1949,,Rose,[[John A. Miller]],,,,50,,,,,0,3168,1:30,,[[Chain lift]] hill,,,,,,12
Beach Rescue Racer,Beach Rescue Racer,[[SeaWorld San Antonio]],San Antonio,USA,Texas,Rescue Jr.,,,operating,"March 8, 2025",,[[Zierer]],,,[[Force|Force - Custom]],,,,,,,,0,1300,,,[[Friction wheel|Tire propelled lift]],,,,,,
Bear Trax,Bear Trax,[[Seabreeze Amusement Park]],Rochester,USA,New York,,43.2315200,-77.5435565,operating,1997,,[[E&F Miler Industries]],,,Family Coaster,,,17,12,11,,,0,380,,,[[Chain lift]] hill,36,,,,,
Beast (Kings Island),The Beast,[[Kings Island]],Mason,USA,Ohio,Rivertown,39.340185,-84.266002,operating,"April 14, 1979",,,[[Charles Dinn]],"Al Collins, Jeff Gramke, [[John C. Allen]]",,,,64.8,110,141,53,3.6,0,7361,4:00,,Two [[chain lift|chain lift hills]],48,,,,1200,36
Beastie (Wonderland Sydney),Beastie,[[Wonderland Sydney]],"Eastern Creek, New South Wales",Australia,,Little Wonders Land,-33.800878,150.842567,Defunct,7 December 1985,2002,,,,,,,60,14.9,,,,0,457,1:30,Figure-8,[[Chain lift|Chain lift hill]],,,,,900,20
Behemoth,Behemoth,[[Canada's Wonderland]],"Vaughan, Ontario",Canada,,Action Zone,43.839022,-79.540652,operating,4 May 2008,,[[Bolliger & Mabillard]],,,[[Hyper Coaster (Bolliger & Mabillard product)|Hyper Coaster]],,,123.9,70.1,,75,,0,1620.9,3:18,,[[Chain lift]] hill,137.2,,203.2,,"1,545",32
Berg & Tal,Berg & Tal Achterbahn,Fredy Schneider Schausteller GmbH (Germany),Travelling,Germany,,,,,operating,1968,,[[Pinfari]],,,[[Zyklon|Zyklon Z47]],,,,13,,,,0,,,,[[Chain lift]] hill,,,,,,4
Berg- og dalbane,Berg- og dalbane,[[Lilleputthammer]],"Lillehammer, Oppland, Norway",Norway,,,61.23804,10.43864,operating,2007,,[[Zamperla]],,,[[Family Coaster (Zamperla product)|Family Gravity Coaster 80STD]],,,,4,,,,0,80,,,[[Chain lift]] hill,,,,,,12
Bergbanan (Liseberg),Bergbanan,[[Liseberg]],,Sweden,,,,,defunct,8 May 1923,20 September 1987,Valdemar Lebech,,,,roller,,,,,,,0,980,2:30,,,,,,,,30
Beyond the Cloud,Beyond the Cloud,[[Suzhou Amusement Land Forest World]],"Huqiu, Suzhou, Jiangsu",China,,,31.326577,120.469234,operating,July 2022,,[[Mack Rides]],,,[[Launch Coaster (Mack Rides product)|Launch Coaster]],roller,,129.6,62.5,,,4.4,5,1040,,,[[LSM]] launch,,,,,,
Big Adventure Coaster,Big Adventure Coaster,[[Wakayama Adventure World]],"Shirahama, Nishimuro, Wakayama, Japan",Japan,,,33.6664440,135.3718021,operating,1990,,"[[Senyo Kogyo Co., Ltd.]]",,,,,,,,,,,0,,2:33,,[[Chain lift]] hill,,,,,,34
Big Air (E-DA Theme Park),Big Air,[[E-DA Theme Park]],"Dashu Township, Kaohsiung, Taiwan",Taiwan,,,22.730582,120.409092,operating,December 2010,,[[Vekoma]],,,[[Big Air]],,,108,63.8,,,3.5,0,108,,,[[Catch car]] vertical lift,,,,,,24
Big Apple (Allou! Fun Park),Big Apple,[[Allou! Fun Park]],"Athens, Attica, Greece",Greece,,,37.973124,23.673141,operating,October 2002,,[[Zierer]],,[[Ing.-Büro Stengel GmbH]],[[Tivoli (product)|Tivoli]] - Large,roller,,36,8,,,,0,360,1:05,Double Figure-8,Drive tire lift,,,,,1250,40
Big Apple (Bailey McKay),Big Apple,Bailey McKay (UK),Travelling,UK,,,,,operating,August 2022,,[[Pinfari]],,,[[Big Apple MB28]],,,,,,,,0,,,Wacky Worm,[[Chain lift]] hill,,,,,,24
Big Apple (Botton's Pleasure Beach),Big Apple,[[Botton's Pleasure Beach]],"Skegness, Lincolnshire, England, UK",UK,,,53.143235,0.346897,operating,1987,,[[Pinfari]],,,[[Big Apple MB28]],,,,,,,,0,,,Wacky Worm,[[Chain lift|Chain lift hill]],,,,,,24
Big Apple (Dreamland Margate),Big Apple,[[Dreamland Margate]],"Margate, Kent, England",UK,,,51.385467,1.379056,defunct,1978,1999,[[Pinfari]],,,[[Big Apple MB28|Big Apple]] turn table,,,,,,,,0,,,Wacky Worm,[[Chain lift|Chain lift hill]],,,,,,16
Big Apple (Great Yarmouth Pleasure Beach),Big Apple,[[Great Yarmouth Pleasure Beach]],"Great Yarmouth, Norfolk, England",UK,,,52.593851,1.736276,operating,1998,,[[Pinfari]],,,[[Big Apple MB28]],,,,,,,,0,,,Wacky Worm,[[Chain lift|Chain lift hill]],,,,,,24
Big Apple (Jean Schweig),Big Apple,Jean Schweig,Travelling,Belgium,,,,,operating,29 September 2023,,[[SBF Visa Group]],,,[[Family Coaster (SBF Visa Group product)|Family Coaster]],,,,5.5,,,,0,138,,Wacky worm,[[Chain lift|Chain lift hill]],,,,,,24
Big Apple (Lewis Gess),Big Apple,Lewis Gess (UK),Travelling,UK,,,,,operating,November 2009,,[[DAL Amusement Rides]],,,[[Brucomela (DAL Amusement Rides product)|Brucomela]],,,,,,,,0,,,Wacky Worm,[[Chain lift]] hill,,,,,,24
Big Apple (M&D's Scotland's Theme Park),Big Apple,[[M&D's Scotland's Theme Park]],"Motherwell, Strathclyde, Scotland",UK,,,55.800341,-4.039236,operating,2021,,[[SBF Visa Group]],,,[[Family Coaster (SBF Visa Group product)|Family Coaster]],,,,5.5,,,,0,138,,Wacky worm,[[Chain lift|Chain lift hill]],,110,,,,24
Big Apple (Ocean Beach Pleasure Park),Big Apple,[[Ocean Beach Pleasure Park]],"South Shields, Tyne & Wear, England",UK,,,55.0014665,-1.4177309,operating,''1999-2002'',,[[Pinfari]],,,[[Big Apple MB28]],roller,,,,,,,0,,,Wacky Worm,[[Chain lift]] hill,90,110,,,,24
Big Apple (Peter Pan's Playground),Big Apple,[[Peter Pan's Playground]],"Brighton, East Sussex, England",UK,,,,,unknown,,,[[Pinfari]],,,[[Big Apple MB28]],,,,,,,,0,,,Wacky Worm,[[Chain lift]] hill,,,,,,
Big Apple (Web Adventure Park),Big Apple,[[Web Adventure Park]],"York, North Yorkshire, England",UK,,,53.997214,-1.089453,operating,24 July 2021,,[[Pinfari]],,,[[Big Apple MB28]],,,,,,,,0,,1:54,Wacky Worm,[[Chain lift|Chain lift hill]],90,120,,,,24
Big Apple (West Sands Fun Fair),Big Apple,[[West Sands Fun Fair]],"Hastings, East Sussex, England",UK,,,50.7344405,-0.8079320,operating,2012,,[[Pinfari]],,,[[Big Apple MB28]],,,,,,,,0,,,Wacky Worm,[[Chain lift]] hill,,,,,,
Big Apple Coaster,Big Apple Coaster,"[[New York, New York Hotel & Casino]]",Las Vegas,USA,Nevada,,36.102988,-115.174714,operating,"January 3, 1997",,[[TOGO]],,,[[Mega Coaster (Togo product)|Mega Coaster]],,,67,203,144,55,,2,4777,2:40,,[[Chain lift|Chain lift hill]],54,,,,,18
Big Bad John,Big Bad John,[[Magic Springs]],Hot Springs,USA,Arkansas,,34.51828747778,-93.0154054066,operating,2002,,[[Arrow Dynamics|Arrow Development]],,,[[Runaway Train (Arrow product)|Runaway Train]],,,37,32,41,,,0,2349,3:00,,[[Chain Lift]] hill,42,,,,,28
Big Bad Wolf,Big Bad Wolf,[[Busch Gardens Williamsburg]],Williamsburg,USA,Virginia,Oktoberfest,37.232257,-76.645333,defunct,"June 15, 1984","September 7, 2009",[[Arrow Dynamics]],,[[Ron Toomer]],[[Suspended Coaster (Arrow Dynamics product)|Suspended Coaster]],,,48,100,80,,,0,2800,3:00,,Two [[chain lift|chain lift hills]],42,,,,,28
Big Bad Wolf: The Wolf's Revenge,Big Bad Wolf: The Wolf's Revenge,[[Busch Gardens Williamsburg]],Williamsburg,USA,Virginia,Oktoberfest,37.230439,-76.644967,operating,"May 23, 2025",,[[Bolliger & Mabillard]],,,[[Family Coaster (Bolliger & Mabillard product)|Family Coaster]],,,40,67,,,,0,2583,,,[[Chain lift]] hill,42,48,77,,,20
Big Bang (Freizeitpark Familienland),Big Bang,[[Freizeitpark Familienland]],"Sankt Jakob in Haus, Tyrol, Austria",Austria,,,47.4966588,12.5564520,operating,12 July 2013,,[[Zierer]],,,[[Elevated Seating Coaster]] Custom,,,65,22,,,3.7,0,530,0:38,,[[Chain lift]] hill,,,,,,
Big Bear Mountain,Big Bear Mountain,[[Dollywood]],Pigeon Forge,USA,Tennessee,Wildwood Grove,35.79843548614,-83.5302259725,operating,"May 12, 2023",,[[Vekoma]],,,[[Family Launch Coaster (Vekoma product)|Family Launch Coaster]],roller,,48,66,,,,0,3990,,,3 [[LIM|LIM launches]],39,,,,,
Big Beast,Big Beast,[[Edgewater Park]],Detroit,USA,Michigan,,,,defunct,1927,"September 13, 1981",,,[[John A. Miller]],,,,,,,,,0,,,,[[Chain lift|Chain lift hill]],,,,,,
Big Bend,Big Bend,[[Six Flags Over Texas]],Arlington,USA,Texas,USA,,,defunct,1971,"November 25, 1979",[[Schwarzkopf]],,[[Ing.-Büro Stengel GmbH]],[[Speed Racer (Schwarzkopf product)|Speed Racer]],,,52,81,,,,0,2876,1:38,,2 [[Electric spiral lift]]s,,,,,,16
Big Blue,Big Blue,[[Dalmaland Fun Park]],"Biograd na Moru, Zadar County",Croatia,,,43.932489,15.478557,Operating,25 July 2017,,[[Schwarzkopf]],,[[Ing.-Büro Stengel GmbH]],[[Silverarrow]],,,66,18.3,,,,1,553.8,1:48,,[[Chain lift|Chain lift hill]],,,,,"1,500",24
Big Boom (Nasu Highland Park),Big Boom,[[Nasu Highland Park]],"Nasu, Nasu, Tochigi",Japan,,,37.0613526,139.9645815,operating,1987,,,"[[Meisho Amusement Machines]], [[Okamoto Co., Ltd.]]",,,,,88,38.4,,,,1,650,3:04,,[[Chain lift]] hill,,,,,480,
Big Coaster (White Sand Gate Park),Big Coaster,[[White Sand Gate Park]],"Meilan, Haikou, Hainan, China",China,,,20.072399,110.331648,defunct,25 December 2011,2018 - 2019,[[Hebei Zhongye Metallurgical Equipment Manufacturing]],,,Three Ring Coaster,,,,,,,,3,,,,[[Chain lift]] hill,,,,,,
Big Dipper (Barry's Amusements),Big Dipper,[[Barry's Amusements]],"Portrush, Antrim, Northern Ireland",UK,,,,,unknown,1968,1988,[[Pinfari]],,,[[Zyklon]] [[Z40]],,,,,,,,0,,,zyklon40,[[Chain lift]] hill,,,,,,4
Big Dipper (Camden Park),Big Dipper,[[Camden Park]],Huntington,USA,West Virginia,,38.3970822999,-82.5311103863,operating,1958,,,,[[International Amusement Devices|National Amusement Device Company]],,,,,,,,,0,,1:40,,[[Chain lift]] hill,,,,,,
Big Dipper (Chippewa Lake Park),Big Dipper,[[Chippewa Lake Park]],Chippewa Lake,USA,Ohio,,41.062706,-81.902039,defunct,1925,1978,,,[[Fred W. Pearce]] <br> [[Josiah Pearce]],,,,,,,,,0,,,,[[Chain lift]] hill,,,,,,
Big Dipper (Curry's Fun Park Portrush),Big Dipper,[[Curry's Fun Park Portrush]],"Portrush, Antrim, Northern Ireland",UK,,,55.202969,-6.654132,unknown,July 2002,2022,[[Pinfari]],,,[[Zyklon]] [[ZL42]],,,,11,,,,1,365,,,[[Chain lift]] hill,,,,,,12
Big Dipper (Geauga Lake & Wildwater Kingdom),Big Dipper,[[Geauga Lake & Wildwater Kingdom]],Aurora,USA,Ohio,50's Midway,41.349736,-81.377639,defunct,1925,"September 16, 2007",,,[[John A. Miller]],,,,32,65,,,,0,2680,1:25,out and back,[[Chain lift]] hill,48,,,,,
Big Dipper (Luna Park Sydney; opened 2021),Big Dipper,[[Luna Park (Australia-Sydney)|Luna Park]],"Sydney, New South Wales",Australia,,,-33.84722198561,151.2097966257,operating,26 December 2021,,[[Intamin]],,,[[Hot Racer (Intamin product)|Hot Racer]],,,72,,,,,2,,,,[[Friction Wheel|Tire propelled launch]],,,,,,
Big Dipper (Pleasure Beach Resort),Big Dipper,[[Pleasure Beach Resort]],"Blackpool, Lancashire, England",UK,,,53.790536,-3.056619,operating,23rd August 1923,,,[[William Strickler]],[[John A. Miller]],,,,,18.3,,,,0,1005.8,2:30,out and back,[[Chain lift]] hill,117,,,,,24
Big Dipper (Riverview Park),Big Dipper,[[Riverview Park (Illinois)|Riverview Park]],Chicago,USA,Illinois,,,,defunct,1920,1967,,[[Harry C. Baker]],[[John A. Miller]],,roller,,,,,,,,,,,,,,,,,
Big Dipper (Royal Adelaide Show),Big Dipper,[[Royal Adelaide Show]],"Adelaide, South Australia, Australia",Australia,,,,,operating,2008,,[[Pinfari]],,,[[ZL42]],,,,,,,,0,,,,[[Chain lift]] hill,,,,,,12
Big Dipper (Skegness Pleasure Beach),Big Dipper,[[Botton's Pleasure Beach|Skegness Pleasure Beach]],"Skegness, Lincolnshire, England",UK,,,,,defunct,1931,1961,[[Butlin's]],,,,roller,,,,,,,0,,,,[[Chain lift|Chain lift hill]],,,,,,
Big Dipper (Springlake Park),Big Dipper,[[Springlake Park]],Oklahoma City,USA,Oklahoma,,,,defunct,1926,1981,,,,,,,,80,,,,0,,,,[[Chain lift]] hill,,,,,,24
Big Fury,Big Fury,[[Six Flags Great Adventure|Great Adventure]],Jackson,USA,New Jersey,,,,unknown,1974,1977,[[Pinfari]],,,[[Zyklon|Zyklon Z64]],,,,,,,,0,,,,[[Chain lift]] hill,,,,,,
Big Grizzly Mountain Runaway Mine Cars,Big Grizzly Mountain Runaway Mine Cars,[[Hong Kong Disneyland]],"Penny's Bay, Lantau Island, Hong Kong",China,,Grizzly Gulch,22.3097878,114.0421934,operating,13 July 2012,,[[Vekoma]],,Walt Disney Imagineering,,,,56,,,,,0,1099,3:14,,"2 [[chain lift]] hills, Linear induction motor",112,,,,,24
Big Lego Coaster,Big Lego Coaster,[[Legoland Shanghai]],"Qingpu, Shanghai",China,,,,,operating,5 July 2025,,[[Bolliger & Mabillard]],,,[[Family Coaster (Bolliger & Mabillard product)|Family Coaster]],,,,,,,,0,,,,[[Chain lift]] hill,,,,,,
Big Loop,Big Loop,[[Heide Park Resort]],"Soltau, Lower Saxony, Germany",Germany,,Bucht der Piraten,53.025392,9.879749,operating,1983,,[[Vekoma]],,[[Ing.-Büro Stengel GmbH]],Custom MK-1200,,,63,30,,,,4,706,,,[[Chain lift|Chain lift hill]],120,,,,1200,24
Big One (Pleasure Beach Resort),Big One,[[Pleasure Beach Resort]],"Blackpool, Lancashire, England",UK,,,53.789356,-3.055345,operating,28 May 1994,,[[Arrow Dynamics]],,,[[Hyper Coaster (Arrow Dynamics product)|Hyper Coaster]],,,119.1,64.9,62.5,65,3.5,0,1675.5,3:00,,[[Chain lift]] hill,132,,,,1700,30
Big One (Takarazuka Garden Fields),Big One,[[Takarazuka Garden Fields|Takarazuka Family Land]],"Takarazuka, Hyōgo",Japan,,Pop'n Garden,34.808173,135.346792,Defunct,19 March 1987,7 April 2003,[[Sansei Technologies]],,,[[Jet-Roller Coaster (Sansei Technologies Product)|Jet-Roller Coaster]],,,71,,,,,0,1010,,,[[Chain lift|Chain lift hill]],110,,,,1028,28
Big Red Boat Coaster,Big Red Boat Coaster,[[Dreamworld]],"Coomera, Queensland",Australia,,Kenny and Belinda's Dreamland,-27.86426864507005,153.3168733589745,operating,23 December 2023,,[[Zamperla]],,,[[Powered Coaster (Zamperla product)|Powered Coaster]] (Twin Helix),,,,,,,,0,374.0,,Double Helix,,,,,,640,
Big Scenic Railway,Big Scenic Railway,[[Palisades Amusement Park]],Cliffside Park,USA,New Jersey,,,,defunct,1911,1944,,[[Joseph A. McKee]],,,roller,,,,,,,,,,,,,,,,,
"Big Thunder Mountain (Disneyland Park, France)",Big Thunder Mountain,[[Disneyland Park (France)|Disneyland Park]],"Marne la Vallée, Île-de-France",France,,Frontierland,48.871284,2.774557,operating,12 April 1992,,[[Vekoma]],,,Custom MK-900 M,,,65,22,12,,,0,1205,3:56,,4 [[Chain lift|Chain lift hills]],102,,,,2424,30
Big Thunder Mountain (Tokyo Disneyland),Big Thunder Mountain,[[Tokyo Disneyland]],"Urayasu, Chiba",Japan,,Westernland,35.632772,139.883627,operating,4 July 1987,,[[Vekoma]],,,,,,,,,,,0,,3:40,,3 [[Chain Lift|Chain lift hills]],102,,,,,30
Big Thunder Mountain Railroad (Disneyland Park),Big Thunder Mountain Railroad,[[Disneyland Park (USA)|Disneyland Park]],Anaheim,USA,California,Frontierland,33.812640,-117.920372,operating,"September 2, 1979",,"[[Arrow Dynamics]] (original) <br> [[Dynamic Structures]] (March 17, 2014 onwards)",,,[[Runaway Train (Arrow product)|Runaway Train]],,,28,50,,,,0,2671,,,3 [[Chain Lift|chain lift hills]],40,,,,"2,400",30
Big Thunder Mountain Railroad (Magic Kingdom),Big Thunder Mountain Railroad,[[Magic Kingdom|Disney's Magic Kingdom]],Lake Buena Vista,USA,Florida,Frontierland,28.420009,-81.584653,under refurbishment,"November 15, 1980","January 5, 2025",[[Arrow Dynamics]],,Walt Disney Imagineering,,,,36,50,,,,0,2780,3:30,,3 [[Chain Lift]] hills,40,,,,,30
Big Timber Log Ride,Big Timber Log Ride,[[Enchanted Forest (Oregon)|Enchanted Forest]],Turner,USA,Oregon,,44.831136,-123.008077,operating,May 1996,,[[E&F Miler Industries]],,,,,,30,50,40,,,0,,,,,40,48,,,,
Bisværmen,Bisværmen,[[Tivoli Friheden]],"Århus, Jylland",Denmark,,,56.136173,10.196148,operating,9 April 2016,,[[SBF Visa Group]],,,[[Spinning Coasters (SBF Visa Group product)|Spinning Coasters]] <br> 3 Loop model A,,,30,6.55,,,,0,113,,,2 [[Friction wheel|tyre propelled lifts]],,,,,,16
Black Diamond,Black Diamond,[[Knoebels Amusement Resort]],Elysburg,USA,Pennsylvania,,40.879703,-76.506613,operating,"October 8, 2011",,,"[[Philadelphia Toboggan Coasters, Inc.|Philadelphia Toboggan Company]]",[[John C. Allen]],,,,12,35,,,,0,,3:50,,[[Chain lift]] hill,42,,,,,
Black Hole (Avonturenpark Hellendoorn),Black Hole,[[Avonturenpark Hellendoorn]],"Hellendoorn, Overijssel",Netherlands,,,,,Defunct,1986,1990,[[Schwarzkopf]],,[[Ing.-Büro Stengel GmbH]],[[Jet Star (product)|Jet Star]],,,,,,,,0,,,,[[Chain lift|Chain lift hill]],,,,,,
Black Hole 2000,Black Hole 2000,[[Seoul Land]],"Makgye-dong, Gwacheon-si, Gyeonggi-do, South Korea",South Korea,,,37.4347741,127.0238178,operating,21 September 1990,,,,,,,,85,34.7,,,,2,974,2:45,,,120,,,,,24
Black Hole Express,Black Hole Express,[[Kumdori Land]],"Yusong-gu, Daejeon",South Korea,,,36.380226,127.385355,defunct,July 1993,2012,[[Vekoma]],,,Custom [[MK-1200]],,,95,52,,,,5,1100,2:38,,[[Chain lift]] hill,,,,,,28
Black Hole Scramble,Black Hole Scramble,[[Space World]],"Yahata Higashi, Kitakyushu, Fukuoka",Japan,,,33.872272,130.812609,defunct,1990,31 December 2017,[[Nippon]],,,,,,,,,,,0,,2:14,,[[Chain lift|Chain lift hill]],110,,,,,12
Black Mamba,Black Mamba,[[Phantasialand]],"Brühl, North Rhine-Westphalia, Germany",Germany,,Deep in Africa,50.7990791,6.8805846,operating,24 May 2006,,[[Bolliger & Mabillard]],,,Custom [[Inverted Coaster]],,,80,26,27,,4,4,768,,,[[Chain lift]] hill,,,,,1500,32
Black Widow (Riverside Park),Black Widow,[[Six Flags New England|Riverside Park]],Agawam,USA,Massachusetts,North End,42.0403630474,-72.6150648039,defunct,"May 14, 1977",1999,[[Arrow Dynamics|Arrow Development]],,,[[Launched Loop]],,,45,56,47,,4,1,635,1:06,Shuttle Loop,[[Electric winch launch]],,,,,,16
Black Witch (Magic Harbor),Black Witch,[[Magic Harbor]],Surfside Beach,USA,South Carolina,,,,unknown,1983,?,,,,,roller,,,,,,,0,,,,,,,,,,
Blastin' Barrels,Blastin' Barrels,[[Cultus Lake Adventure Park]],"Cultus Lake, British Columbia, Canada",Canada,,,,,operating,2015,,[[SBF Visa Group]],,,[[Spinning Coasters (SBF Visa Group product)|Spinning Coasters]] <br> 2 Loop model A,,,,5.7,,,,0,58,,Figure-8,[[friction wheel|Tyre propelled lift]],,,,,,16
Blazin' Buckaroo,Blazin' Buckaroo,[[Elitch Gardens]],Denver,USA,Colorado,,39.749193,-105.012202,operating,"May 4, 2013",,[[E&F Miler Industries]],,,16ft Outside Spiral CCW,,,,,,,,0,,,,,36,42,,,,12
Blazing Fury,Blazing Fury,[[Dollywood]],Pigeon Forge,USA,Tennessee,Craftsman's Valley,35.793577,-83.529415,operating,"June 6, 1978",,,In-House,,,,,22,22,,,,0,1520,,,,42,,,,,18
Blitzer,Blitzer,,Travelling,USA,,,,,operating,,,,,,,,,,,,,,0,,,,[[Chain lift]] hill,,,,,,4
Blizzard (Peter Pan's Playground),Blizzard,[[Peter Pan's Playground]],"Brighton, East Sussex, England, UK",UK,,,,,defunct,August 1990,''1991 or later'',[[Diego Cavazza]],,,[[Blizzard (model)|Blizzard]],,,,,,,,0,,,,[[Chain lift]] hill,,,,,,
Blizzard (Storyland),Blizzard,[[Storyland (Philippines-Cebu)|Storyland]],"Cebu City, Cebu, Philippines",Philippines,,,,,Defunct,November [[1993 in coasters|1995]],''2008 or earlier'',[[Rides and Fun|Cavazza Diego]],,,,,,36,7.5,,,,0,220,,,2 [[Chain lift|Chain lift hills]],,,,,850,20
Blu Power,Blu Power,[[Tetysblu Theme Park]],"Munaily District, Mangistau, Kazakhstan",Kazakhstan,,,43.5027306,51.2971944,operating,26 August 2021,,[[Mack Rides]],,,[[PowerSplash]] 217m,,,101,45,,90,,0,217,1:18,,[[LSM]] launch (multi-pass),,,,,950,20
Blue Dragon Train,Blue Dragon Train,[[Children's Grand Park]],"Neung-dong, Songdong-Gu, Seoul",South Korea,,,,,defunct,5 May 1973,20 November 1983,,,,,,,60,,,,,0,500,,,,,,,,,20
Blue fire Megacoaster,Blue fire Megacoaster,[[Europa-Park]],"Rust, Baden Wuerttemberg",Germany,,Iceland,48.262079,7.718988,operating,4 April 2009,,[[Mack Rides]],,,[[Launch Coaster (Mack Rides product)|Launch Coaster]] (Blue Fire),,,100,38,,,3.8,4,"1,056",2:20,,[[LSM]] launch,130,,,,"1,720",20
Blue Flash (All the Bright Places),Blue Flash,Standalone,"Ohio, USA",USA,Ohio,,,,Defunct,2018,2018,[[Vision Scenery]],,Clark Reder Engineering <br> [[Skyline Attractions|Skyline Design]] <br> John Ivers,,roller,,,,,,,1,,,,[[Chain lift]] hill,,,,,,1
Blue Flash (Haunted Hoochie),Blue Flash,Haunted Hoochie,Pataskala,USA,Ohio,,39.9899105063,-82.747653650,Standing but not operating,,,,John Ivers,John Ivers,,roller,,,,,,4.6,1,,,,[[Chain lift]] hill,,,,,,1
Blue Flyer,Blue Flyer,[[Pleasure Beach Resort]],"Blackpool, Lancashire, England",UK,,Nickelodeon Land,53.790245,-3.053878,operating,1934,,[[Dayton Fun House and Riding Device and Manufacturing Company]],[[Charlie Paige]],,,,,,4.57,,,,0,335,1:00,,[[Chain lift|Chain lift hill]],,117,,,,20
Blue Hawk,Blue Hawk,[[Six Flags Over Georgia]],Austell,USA,Georgia,Lickskillet,33.765807,-84.550624,operating,"March 1, 1992",,[[Vekoma]],,,Custom MK-1200,,,52,122,109,48,4,5,2742,1:20,,[[Chain lift|Chain lift hill]],48,,,,"1,300",28
Blue Streak (Cedar Point),Blue Streak,[[Cedar Point]],Sandusky,USA,Ohio,Main Midway,41.479853,-82.682606,operating,"May 23, 1964",,"[[Philadelphia Toboggan Company|Philadelphia Toboggan Coasters, Inc.]]",,[[Frank F. Hoover]] <br> [[John C. Allen]],,,,40,78,72,45,,0,2558,1:45,Out and Back,[[Chain lift|Chain lift hill]],48,,,,"1,400",24
Blue Streak (Conneaut Lake Park),Blue Streak,[[Conneaut Lake Park]],Conneaut Lake,USA,Pennsylvania,,41.634907813,-80.3163655455,defunct,"May 23, 1938",2019,,,[[Edward A. Vettel|Ed Vettel]],,,,50,78,,,,0,2900,2:20,,[[Chain lift]] hill,,,,,,
Blue Tornado,Blue Tornado,[[Gardaland]],"Castelnuovo del Garda, Veneto",Italy,,,45.457046,10.713727,operating,1998,,[[Vekoma]],,,[[Suspended Looping Coaster|SLC (765m Extended w/Helix)]],,,80,33.3,,,4.5,5,765,1:42,,[[Chain lift|Chain lift hill]],140,,200,,"1,500",20
Bluey Coaster (Alton Towers),Bluey Coaster,[[Alton Towers]],"Alton, Staffordshire, England",UK,,CBeebies Land,,,under construction,,,[[Zierer]],,,[[Force]] - Custom,roller,,,,,,,,,,,,,,,,,
Boa Squeeze (WonderPark Bayamón),Boa Squeeze,[[WonderPark Bayamón|WonderPark]],"Bayamón, Puerto Rico, USA",USA,Puerto Rico,,,,defunct,2000,2009,[[E&F Miler Industries]],,,11.5ft Single Helix Center - CCW,roller,,,,,,,0,,,,[[Chain lift]],,,,,,8
Boa Squeeze (WonderPark Carolina),Boa Squeeze,[[WonderPark Carolina|WonderPark]],Carolina,USA,Puerto Rico,,,,defunct,2001,2009,[[E&F Miler Industries]],,,11.5ft Single Helix Center - CCW,roller,,,,,,,0,,,,[[Chain lift]],,,,,,10
Boardwalk Bullet,Boardwalk Bullet,[[Kemah Boardwalk]],Kemah,USA,Texas,,29.54645476370,-95.01722212,operating,"August 31, 2007",,[[Martin & Vleminckx]],,"[[The Gravity Group, LLC]]",,,,51,96,92,56,,0,3236,,,[[Chain lift]] hill,48,,,,800,24
Bob,Bob,[[Efteling]],"Kaatsheuvel, North Brabant",Netherlands,,Anderrijk,51.648047,5.047422,defunct,4 April 1985,1 September 2019,[[Intamin]],,[[Giovanola]],[[Swiss Bob]],,,60,20,,,,0,524,1:40,,[[Chain lift|Chain lift hill]],,,,,,6
Bobbahn (Heide Park Resort),Bobbahn,[[Heide Park Resort]],"Soltau, Lower Saxony, Germany",Germany,,Transsilvanien,53.026774,9.880138,operating,1994,,[[Mack Rides]],,,[[Bobsled Coaster (Mack Rides product)|Bobsled Coaster]],,,53,27,,,,0,990,1:40,,2 [[chain lift|Chain lift hills]],120,,,,1750,14
Bobbahn (Phantasialand),Bobbahn,[[Phantasialand]],"Brühl, North Rhine-Westphalia, Germany",Germany,,,,,cancelled,,,[[Intamin]],,,[[Swiss Bob]],,,,,,,,0,,,,,,,,,,6
Bobcat,The Bobcat,[[Six Flags Great Escape]],Queensbury,USA,New York,,43.35096038134,-73.6879314087,operating,"June 1, 2024",,[[Gravitykraft Corporation]],,"[[The Gravity Group, LLC]]",,roller,,40,55.4,,,,0,1412,,,[[Chain lift]] hill,42,,,,,
Bobs (Riverview Park),Bobs,[[Riverview Park (USA-Illinois)|Riverview Park]],Chicago,USA,Illinois,,,,defunct,1924,1967,,[[Frank Prior]],[[Frederick Church]],,roller,,50,87,85,,,,3235,,,,,,,,,
Bobsleds,Bobsleds,[[Seabreeze Amusement Park]],Rochester,USA,New York,,43.2337738262,-77.5428965030,operating,1954,,,,[[George W. Long]],,,,23,31,28,,,0,1240,1:33,,[[Chain lift]] hill,38,,,,,4
Bobsleigh (Nara Dreamland),Bobsleigh,[[Nara Dreamland]],"Nara, Nara",Japan,,Tomorowland,34.700358,135.822236,Defunct,1961,31 August 2006,[[Sansei Technologies]],,,[[Jet-Roller Coaster (Sansei Technologies)|Jet-Roller Coaster]],,,60,,,,,0,850,1:35,,[[Chain lift|Chain lift hill]],110,,,,360,8
Bobsleigh (Parc de la Vallée),Bobsleigh,[[Parc de la Vallée]],"Massais, Nouvelle-Aquitaine",France,,,46.997600,-0.346928,operating,May 2018,,[[Schwarzkopf]],,[[Ing.-Büro Stengel GmbH]],[[City Jet|City Jet / Jet 400]],,,50,11,,,,0,415,,,[[Electric lift|Electric spiral lift]],120,140,,,1000,12
Bocaraca,Bocaraca,[[Parque Diversiones]],"La Uruca, San José",Costa Rica,,,9.960684,-84.126934,operating,2005,,[[Vekoma]],,,[[MK-1200]] Whirlwind,,,60,19.5,,,,2,350,,Figure-8,[[Chain lift|Chain lift hill]],120,,,,1350,28
Boderitt,Boderitt,[[Erlebniswelt Seilbahnen Thale]],"Thale, Saxony-Anhalt",Germany,,,51.741410,11.027293,operating,June 2015,,[[Wiegand]],,,[[Mystical Hex (Wiegand product)|Mystical Hex]],roller,,,5.3,,,,,310,,,,,,,,,2
Bombora (Lagoon),Bombora,[[Lagoon]],Farmington,USA,Utah,,40.98559504806,-111.8922581104,operating,"April 2, 2011",,[[ART Engineering]],,,[[Family Coaster (ART Engineering product)|Family Coaster]],,,31,45,,,,0,1000,1:22,,[[Friction Wheels]],36,48,,,,
Bone Shaker (Knowsley Safari Park),Bone Shaker,[[Knowsley Safari Park]],"Knowsley, Merseyside, England, UK",UK,,,53.436925,-2.814006,defunct,''1991 or earlier'',2001,''unknown'',,,,roller,,,,,,,0,,,Oval,[[Chain lift|Chain lift hill]],,,,,,12
Bone Shaker (Mattel Adventure Park),Bone Shaker,[[Mattel Adventure Park]],"Glendale, Arizona, USA",USA,Arizona,,,,under construction,,,[[Chance Rides]],,,,,,,84,,,,0,,,,,,,,,,
Boogie-woogie Space Coaster,Boogie-woogie Space Coaster,[[Space World]],"Yahata Higashi, Kitakyushu, Fukuoka",Japan,,,33.872377,130.810194,defunct,22 April 1990,31 December 2017,"[[Senyo Kogyo Co., Ltd.]]",,,,,,,,,,,0,,1:28,Figure-8,[[Chain lift|Chain lift hill]],120,,,,,30
Boomerang (Bellewaerde),Boomerang,[[Bellewaerde Park]],"Ypres, West Flanders, Flemish Region",Belgium,,Mexico,50.846809,2.956820,operating,1984,,[[Vekoma]],,,[[Boomerang (Vekoma product)|Boomerang]],,,75.6,35.5,,,5.2,3,285,1:48,,[[Catch car lift|Catch car lift hill]] <br> [[Chain lift|Chain lift hill]],130,,,,760,28
Boomerang (E-World),Boomerang,[[E-World]],Daegu,South Korea,,,35.8516936,128.5651472,operating,March 1995,,[[Vekoma]],,,[[Boomerang (Vekoma product)|Boomerang]],,,75.6,35.5,,,5.2,3,285,1:48,,,,,,,760,28
Boomerang (Elitch Gardens),Boomerang,[[Elitch Gardens]],Denver,USA,Colorado,,39.748446233,-105.01440909,operating,"April 30, 1999",,[[Vekoma]],,,[[Boomerang (Vekoma product)|Boomerang]],,,47,116.4,,,5.2,3,935,1:48,,,,,,,760,28
Boomerang (Energylandia),Boomerang,[[Energylandia]],"Zator, Małopolskie, Poland",Poland,,,50.001462,19.408106,operating,29 April 2017,,[[Vekoma]],,,[[Family Boomerang]] 208,,,60,23,,,3,0,208,1:36,,[[Friction wheel|Booster wheel]] [[lift hill]],100,120,,,750,20
Boomerang (Family Fun),Boomerang,[[Family Fun]],"Duhok, Dohuk",Iraq,,,36.851196,42.888302,operating,2015,,[[Vekoma]],,,[[Boomerang (Vekoma product)|Boomerang]],,,75.6,35.5,,,5.2,3,285,1:48,,[[Catch car lift|Catch car lift hill]] <br> [[chain lift|Chain lift hill]],,,,,760,28
Boomerang (Fantasilandia),Boomerang,[[Fantasilandia]],"Santiago, Santiago",Chile,,,-33.459942,-70.662933,operating,1996,,[[Vekoma]],,,[[Boomerang (Vekoma product)|Boomerang]],,,75.6,35.5,,,5.2,3,285,1:48,,[[Catch car lift|Catch car lift hill]] <br> [[chain lift|Chain lift hill]],120,,,,760,28
Boomerang (Floraland Continent Park),Boomerang,[[Floraland Continent Park]],"Wenjiang, Chengdu, Sichuan, China",China,,,30.723131,103.818921,operating,1 October 2015,,[[Vekoma]],,,[[Boomerang (Vekoma product)|Boomerang]],,,75.6,35.5,,,,3,285,,,,,,,,760,28
Boomerang (Gero Land),Boomerang,[[Gero Land]],"Cairo, Cairo",Egypt,,,30.171832,31.476878,operating,1997,,[[Vekoma]],,,[[Boomerang (Vekoma product)|Boomerang]],,,75.6,35.5,,,5.2,3,285,1:48,,,,,,,760,28
Boomerang (La Ronde),Boomerang,[[La Ronde]],"Montréal, Québec",Canada,,,45.523048,-73.532493,operating,1984,,[[Vekoma]],,,[[Boomerang (Vekoma product)|Boomerang]],,,75.6,35.5,,,5.2,3,285,1:48,Boomerang,[[Catch car lift|Catch car lift hill]] <br> [[Chain lift|Chain lift hill]],121.9,,,,760,28
Boomerang (Luna Park Sydney),Boomerang,[[Luna Park (Australia-Sydney)|Luna Park]],"Sydney, New South Wales, Australia",Australia,,,,,operating,23 October 2021,,[[Gerstlauer]],,,[[Family Coaster (Gerstlauer product)|Shuttle Family Coaster]] 181,,,50,12,,,,0,181,,Accelerator,,,,,,,
Boomerang (Parc des Combes),Boomerang,[[Parc des Combes]],"Creusot, Bourgogne-Franche-Comté, France",France,,,46.8119553,4.4101518,operating,2 June 2011,,[[Vekoma]],,,[[Family Boomerang]] 185,,,60,20,,,,0,185,,Accelerator,[[Friction wheel|Booster wheel]] [[lift hill]],100,120,,,640,16
Boomerang (Parque de la Costa),Boomerang,[[Parque de la Costa]],"Tigre, Buenos Aires",Argentina,,,-34.418135,-58.574876,operating,1998,,[[Vekoma]],,,[[Boomerang (Vekoma product)|Boomerang]],,,75.6,35.5,,,5.2,3,285,1:48,,,,,,,760,28
Boomerang (Prater),Boomerang,[[Prater]],"Vienna, Vienna",Austria,,68,48.215350,16.401110,operating,1992,,[[Vekoma]],,,[[Boomerang (Vekoma product)|Boomerang]],,,75.6,35.5,,,5.2,3,285,1:48,,[[Catch car lift|Catch car lift hill]] <br> [[chain lift|Chain lift hill]],,,,,760,28
Boomerang (RPQ Rides & Amusement),Boomerang,,,Philippines,,,,,Operating,2010 or before,,[[Miler Manufacturing]],,,,roller,,,9,,,,0,,,,[[Chain lift]] hill,,,,,,16
Boomerang (Siam Park City),Boomerang,[[Siam Park City]],"Khan Na Yao District, Bangkok",Thailand,,,13.8066565,100.6937719,operating,2007,,[[Vekoma]],,,[[Boomerang (Vekoma product)|Boomerang]],,,75.6,35.5,,,5.2,3,285,1:48,Boomerang,,,,,,760,28
Boomerang (Six Flags Fiesta Texas),Boomerang,[[Six Flags Fiesta Texas]],San Antonio,USA,Texas,,29.5982629,-98.6107958,operating,"March 13, 1999",,[[Vekoma]],,,[[Boomerang (Vekoma product)|Boomerang]],,,47,116.4,,,5.2,3,935,1:48,,,,,,,760,28
Boomerang (Six Flags St. Louis),Boomerang,[[Six Flags St. Louis]],Eureka,USA,Missouri,Illinois,38.5164942,-90.6750332,operating,"June 8, 2013",,[[Vekoma]],,,[[Boomerang (Vekoma product)|Boomerang]],,,47,116.5,,,5.2,3,935,1:48,Boomerang,[[Catch car lift|Catch car lift hill]] <br> [[chain lift|Chain lift hill]],48,,,,760,28
Boomerang (SkyPark Baytik),Boomerang,[[SkyPark Baytik]],Bishkek,Kyrgyzstan,,,42.824950,74.610248,operating,1 June 2025,,[[Pax Company]],,,[[Boomerang (Pax Company product line)|Boomerang - Two Loops]],roller,,,48,,,,1,202,3:00,,[[Catch car lift]],,,,,500,20
Boomerang (Tokyo Dome City),Boomerang,[[Tokyo Dome City|Korakuen Yuenchi]],"Bunkyo, Tokyo",Japan,,,,,defunct,1 July 1979,1986,[[Arrow Dynamics|Arrow Development]],,,[[Launched Loop]],,,72.4,17.1,14.3,,4,1,193.5,1:06,Shuttle Loop,[[Electric winch launch]],,,,,,
Boomerang (Walygator Sud-Ouest),Boomerang,[[Walygator Sud-Ouest]],"Roquefort, Nouvelle-Aquitaine",France,,,44.185129,0.574587,operating,1992,,[[Vekoma]],,,[[Boomerang (Vekoma product)|Boomerang]],,,75.6,35.5,,,5.2,3,285,1:48,,[[Catch car lift|Catch car lift hill]] <br> [[Chain lift|Chain lift hill]],,,,,760,28
Boomerang (Wild Adventures),Boomerang,[[Wild Adventures]],"Valdosta, Georgia, USA",USA,Georgia,,30.7209999,-83.3229119,operating,"August 7, 1998",,[[Vekoma]],,,[[Boomerang (Vekoma product)|Boomerang]],,,47,116.4,,,5.2,3,935,1:48,,,48,,,,760,28
Boomerang (Worlds of Fun),Boomerang,[[Worlds of Fun]],Kansas City,USA,Missouri,,39.17326802,-94.48519122,operating,"April 8, 2000",,[[Vekoma]],,,[[Boomerang (Vekoma product)|Boomerang]],,,47,116.5,,,5.2,3,935,1:48,,[[Catch car lift]] <br> [[Chain lift]] hill,48,,,,460,28
Boomerang (Wuhan Zhongshan Park),Boomerang,[[Wuhan Zhongshan Park]],"Jianghan, Wuhan, Hubei, China",China,,,30.590931,114.264332,operating,23 May 2017,,[[Hebei Zhongye Metallurgical Equipment Manufacturing]],,,Boomerang Roller Coaster,,,80,33,,,,4,580,,,[[Chain lift]] hill,,,,,,24
Boomerang Challenge Coaster,Boomerang Challenge Coaster,[[Trans Studio Bali]],"Denpasar, Bali",Indonesia,,,-8.702073,115.184247,operating,19 December 2019,,[[Vekoma]],,,[[Boomerang (Vekoma product)|Boomerang]],,,75.6,35.5,,,,3,285,,,[[Catch car lift]] <br> [[Chain lift|Chain lift hill]],,,,,760,28
Boomerang Coast to Coaster (Six Flags Darien Lake),Boomerang,[[Six Flags Darien Lake]],Darien Center,USA,New York,,42.9304456,-78.3844468,operating,"May 16, 1998",,[[Vekoma]],,,[[Boomerang (Vekoma product)|Boomerang]],,,47,116.5,,,5.2,3,935,1:48,,Catch car [[lift hill]]<br />[[Chain lift]] hill,,,,,760,28
Boomerang Coast to Coaster (Six Flags Discovery Kingdom),Boomerang: Coast to Coaster,[[Six Flags Discovery Kingdom]],Vallejo,USA,California,,38.1397853,-122.2355051,operating,"March 27, 1998",,[[Vekoma]],,,[[Boomerang (Vekoma product)|Boomerang]],,,47,116.5,,,5.2,3,935,1:48,,,,,,,760,
Boomerang Hyper Coaster,Boomerang Hyper Coaster,[[Trans Studio Cibubur]],"East Jakarta, Jakarta",Indonesia,,,-6.3752246,106.9023428,operating,14 May 2021,,[[Vekoma]],,,[[Boomerang (Vekoma product)|Boomerang]],,,75.6,35.5,,,5.2,3,285,1:48,Boomerang,,,,,,760,28
Booster Bike,Booster Bike,[[Attractiepark Toverland]],"Sevenum, Limburg",Netherlands,,Magische Vallei,51.397899,5.985199,operating,27 July 2004,,[[Vekoma]],,,[[Motorbike Coaster]] (600m),,,73,15,,,2.5,0,593,0:55,,[[Hydraulic launch]],140,,,,,16
Boss,The Boss,[[Six Flags St. Louis]],Eureka,USA,Missouri,,38.516042,-90.678957,operating,"April 29, 2000",,,"[[Custom Coasters International, Inc.]]","[[Dennis McNulty]]<ref>{{cite web |last1=McNulty |first1=Dennis |title=The Boss is the legend I had hoped for Six Flags, and The Legend is the boss of Holiday World |url=https://www.linkedin.com/pulse/20140920213934-58310835-the-boss-is-the-legend-i-had-hoped-for-and-the-legend-is-the-boss-of-holiday-world |website=LinkedIn |date=2014-09-20 |accessdate=2025-06-14}}</ref> <br> [[Larry Bill]]",,,,66.3,122,150,52,,0,4631,,,[[Chain lift]] hill,,,,,,24
Boulder Dash (Lake Compounce),Boulder Dash,[[Lake Compounce]],Bristol,USA,Connecticut,,41.6409940,-72.924352,operating,"May 21, 2000",,"[[Custom Coasters International, Inc.]]",,[[Larry Bill]],,,,60,110,115,,,0,4725,2:30,,[[Chain lift]] hill,,,,,,24
Boulder Dash (Lake Compounce),Boulder Dash,[[Lake Compounce]],Bristol,USA,Connecticut,,41.6409940,-72.924352,operating,"May 21, 2000",,"[[Custom Coasters International, Inc.]]",,[[Larry Bill]],,,,60,110,115,,,0,4725,2:30,,[[Chain lift]] hill,,,,,,24
